Content,Video title,Video publish time,Duration,Engaged views,Average percentage viewed (%),Stayed to watch (%),Unique viewers,Average views per viewer,New viewers,Returning viewers,Casual viewers,Regular viewers,Hypes,Hype points,Subscribers gained,Subscribers lost,Likes,Dislikes,Likes (vs dislikes) (%),Shares,Comments added,Post subscribers,Views,Watch time (hours),Subscribers,Average view duration,Impressions,Impressions click-through rate (%)
Total,,,,2055891,26.05,59.3,1030039,1.9959,563296,446188,385566,60622,796,231040,17706,2572,103060,1021,99.02,27879,2456,45,2649669,228169.5347,15134,0:06:39,27964676,4.34
x_ImxAnK9Ak,हज़रत ख़दीजा (रज़ि.) की दुनिया की पहली AI-विज़ुअलाइज़्ड कहानी - जन्नत की माएँ - एपिसोड 1,"Feb 19, 2026",2937,442588,23.62,,338791,1.3064,216654,116058,107274,8784,165,47660,4135,50,8338,239,97.21,5149,236,0,442588,85303.0589,4085,0:11:33,10218368,3.42
l-XqwDv9bf8,हज़रत आइशा (रज़ि.) की कहानी - AI विज़ुअलाइज़्ड - जन्नत की माएँ - एपिसोड 4,"Feb 26, 2026",2826,132766,26.38,,102370,1.2969,38854,60862,57862,3000,57,15960,880,11,2491,57,97.76,1030,85,0,132766,27498.4306,869,0:12:25,2953791,3.29
hUtSEZuxl-g,पैगंबर मुहम्मद ﷺ की माँ हज़रत आमिना - जन्नत की माएँ - एपिसोड 2,"Feb 20, 2026",2185,93699,30.09,100,72757,1.2878,20725,51479,47437,4042,61,17600,708,17,2237,63,97.26,964,62,0,93699,17110.2928,691,0:10:57,1304361,5.22
650QcMTlIXw,"""वो मुझे Brainwash करना चाहते थे"" - एक पूर्व यहूदी का इ**राइल  पर खुलासा","Feb 7, 2026",1306,175640,21.56,,147476,1.191,50193,94056,80635,13421,133,39900,958,20,4239,52,98.79,1665,258,0,175640,13738.8478,938,0:04:41,2331002,6.48
kTwOlO2hj9w,7 आयतें जिसने शैतान को रुला दिया |अपनी नमाज़ बदलें - एपिसोड 1,"Jan 20, 2026",1674,52468,25.83,,37660,1.3932,8227,29333,23254,6079,4,1240,1027,21,2778,19,99.32,1927,149,0,52468,6300.8241,1006,0:07:12,650540,5.91
4l5Q6hA7lms,हज़रत फ़ातिमा (रज़ि.): पैगंबर मुहम्मद ﷺ की बेटी – AI विज़ुअलाइज़्ड | जन्नत की माएँ – एपिसोड 7,"Mar 10, 2026",2516,29458,30.25,,23321,1.2632,3497,17088,15614,1474,22,5940,129,9,673,11,98.39,265,23,0,29458,6228.4128,120,0:12:41,615619,3.44
 -lEbeUeMiSI,सदियों से अनदेखा किया गया कुरान का चमत्कार! – इसके पन्नों में है दिमाग हिला देने वाली समरूपता,"Nov 9, 2025",1184,72339,22.21,,58287,1.2411,26475,31521,28389,3132,0,0,556,12,1548,37,97.67,1712,59,0,72339,5283.8535,544,0:04:22,1004150,5.45
ULcxNA2I5Wc,आखिर हम पहले फ़ातिहा के बजाय ये दुआ क्यों पढ़ते हैं? | अपनी नमाज़ बदलें - Ep. 3,"Jan 27, 2026",1168,58808,27.64,,45924,1.2806,11391,34481,28093,6388,4,1210,864,14,2154,26,98.81,1931,112,0,58808,5274.197,850,0:05:22,763068,6.29
 -Tk6akOeFd0,हव्वा (अलै.): ज़मीन पर पहली महिला | AI विज़ुअलाइज़्ड – जन्नत की माएँ – एपिसोड 8,"Mar 15, 2026",2407,27712,28.43,,21371,1.2967,3705,16882,14990,1892,21,5670,128,2,623,16,97.5,270,17,0,27712,5268.4017,126,0:11:24,492510,4.2
Akc6vR-bzdA,हज़रत ईसा (अलै.) की माँ - हज़रत मरयम (अलै.) की AI विज़ुअलाइज़्ड कहानी | जन्नत की माएँ - एपिसोड 3,"Feb 23, 2026",1979,27102,33.78,,20457,1.3248,1411,18706,16709,1997,30,8550,168,7,864,16,98.18,320,26,0,27102,5032.7438,161,0:11:08,422787,4.4
gZoHc3Onkmw,"जापानी प्रोफेसर ने अपनाया इस्लाम - ""एक खीरा की वजह से मैं मुसलमान बन गया।","Jan 10, 2026",1122,52764,30.42,,45647,1.1559,13290,32235,28404,3831,0,0,412,11,1444,22,98.5,459,38,0,52764,5002.8185,401,0:05:41,880098,5.01
wkyZmYFdkmo,"ब्रिटेन की वो हिजाबी बस ड्राइवर, जिन्हें एक फिल्म ने इस्लाम की राह दिखाई।","Feb 14, 2026",1242,42427,32.98,,37091,1.1439,7819,29228,23057,6171,50,14910,267,8,1547,16,98.98,410,49,0,42427,4828.0559,259,0:06:49,659686,5.22
fIMJTH9aMdM,मूसा का ज़िक्र क़ुरआन बनाम बाइबल - कौन ऐतिहासिक रूप से सही है? चौंकाने वाले खुलासे!,"Oct 19, 2025",2006,29319,28.86,,24950,1.1751,13654,11202,9929,1273,0,0,177,3,316,14,95.76,190,37,0,29319,4715.5705,174,0:09:39,463745,5.29
j8Oeu8jMcEA,कब्र में पहली रात | AI चित्रित क़यामत का दिन सीरीज़ |⁠ - एपिसोड 1,"Dec 14, 2025",1229,56668,24.15,,48199,1.1757,30361,17823,16941,882,-1,-350,1007,9,1751,16,99.09,1407,42,0,56668,4671.6882,998,0:04:56,1079374,4
 -ARJnI_avCU,"हज़रत आसिया (रज़ि.): फ़िरऔन की बीवी, जो छुपकर ईमान लाईं - AI विज़ुअलाइज़्ड | जन्नत की माएँ - एपिसोड5","Mar 1, 2026",2479,21289,31.67,,16166,1.3169,1405,14483,12804,1679,23,6430,100,10,503,8,98.43,226,11,0,21289,4642.2477,90,0:13:05,359604,4.14
SJNyx7TX9BU,आपकी ज़िंदगी अचानक क्यों बिगड़ जाती है? (सूरह फलक और नास के राज़) | अपनी नमाज़ बदलें - Ep. 2,"Jan 24, 2026",1529,40313,26.32,100,28320,1.4235,5198,23072,17569,5503,0,0,507,16,2034,9,99.56,1670,104,0,40313,4505.8642,491,0:06:42,529812,5.65
ESH6z_7wgWU,हज़रत हाजरा (अलै.) की कहानी - एक माँ की बेबसी का पल - AI विज़ुअलाइज़्ड - जन्नत की माएँ - एपिसोड 6,"Mar 5, 2026",1823,13779,34.69,,10193,1.3518,594,9427,8349,1078,19,5130,65,3,421,5,98.83,152,18,0,13779,2420.2283,62,0:10:32,196934,4.73
wzqy58pXVGY,तौहीद vs ट्रिनिटी: AI की ऐतिहासिक डिबेट,"Feb 10, 2026",1476,25798,22.78,,22009,1.1722,2771,19273,13625,5648,53,15900,93,0,721,10,98.63,272,34,0,25798,2409.523,93,0:05:36,357151,6.23
1GEBSpa0Dno,“मुझे जेल में इस्लाम मिला” — इटैलियन माफिया बॉस ने क़ुबूला इस्लाम!,"Jan 13, 2026",1550,15974,27.17,,13239,1.2066,1735,11490,7879,3611,35,11030,139,3,989,6,99.4,197,24,0,15974,1868.362,136,0:07:01,217001,5.94
0nNnTLlUkjk,दुनिया में पहली बार: अल्लाह की चुनी हुई पाक औरतों की दास्तान | जन्नत की माएँ – आधिकारिक ट्रेलर,"Feb 16, 2026",230,46937,53.58,,43073,1.0897,34091,8964,7173,1791,47,13980,143,6,573,3,99.48,205,24,0,84754,1731.2332,137,0:02:03,152353,6.21
LfbrQV6NGPM,जन्नत और जहन्नुम में पहले 24 घंटे | विस्तृत विवरण | AI चित्रित क़यामत का दिन श्रृंखला – Ep. 4,"Jan 3, 2026",1319,17262,27.3,,14031,1.2303,3110,10907,9765,1142,0,0,254,1,551,13,97.7,444,42,0,17262,1726.8122,253,0:06:00,238847,5.15
JC5tT9Pe0sk,कयामत का दिन! सिरात का पुल | एआई-चित्रित क़यामत का दिन श्रृंखला - Ep. 3,"Dec 28, 2025",1025,16639,28.95,,13876,1.1991,5437,8422,7806,616,0,0,242,6,447,9,98.03,383,25,0,16639,1371.5046,236,0:04:56,258582,4.84
ms6FVWVCSKs,बुद्ध से अल्लाह तक: एक चीनी बौद्ध की इस्लाम तक की यात्रा,"Aug 17, 2025",1322,7839,27.16,,6646,1.1795,1840,4619,4061,558,0,0,83,3,115,4,96.64,133,11,0,7839,781.8947,80,0:05:59,120353,4.78
7mr6G63Odjo,ईसा कुरान और बाइबल में | इस्लाम और ईसाई धर्म के बीच चौकाने वाले अंतर,"Jun 4, 2025",1334,6703,30.52,,5728,1.1702,393,5264,4559,705,0,0,26,0,105,2,98.13,55,12,0,6703,758.1745,26,0:06:47,86999,6.04
xJRHL6dTgCM,नास्तिकता के अंधेरे से इस्लाम के उजाले की ओर का सफ़र,"Jan 31, 2026",1087,5840,31.62,,5000,1.168,209,4777,2814,1963,13,3900,25,1,443,1,99.77,81,22,0,5840,557.5223,24,0:05:43,95697,4.61
mm327obQiB4,सर्वनाश ! | एआई द्वारा प्रदर्शित कयामत का दिन श्रृंखला - Ep. 2,"Dec 21, 2025",1040,4769,33.74,,3855,1.2371,234,3612,3237,375,0,0,50,0,167,1,99.4,88,6,0,4769,464.771,50,0:05:50,51404,5.61
9nlXysO6ens,गैर-मुस्लिम इतिहासकारों ने भी किया स्वीकार! - कुरान की 2 चौंकाने वाली भविष्यवाणियाँ सच साबित हुईं!,"Jan 10, 2025",775,6805,29.95,,5895,1.1544,1425,4447,3878,569,0,0,32,1,107,5,95.54,64,2,0,6805,438.7457,31,0:03:52,55325,6.92
bJCtuAIYlh4,“मैंने हॉलीवुड में इस्लाम अपनाया” - नबी (स.अ.व.) ने सपने में मुझे काला गधा हटाने को कहा,"Mar 28, 2026",1524,4048,24.08,,3289,1.2308,193,2846,1448,1398,24,6480,43,3,296,0,100,119,20,0,4048,412.6357,40,0:06:06,147678,2.14
u8U1vQzv10I,नूह की कश्ती: क़ुरआन बनाम बाइबिल – इस्लाम और ईसाई धर्म की कहानियों में चौंकाने वाले अंतर,"Jul 23, 2025",1156,3388,37.67,,2759,1.228,192,2545,2126,419,0,0,25,0,69,6,92,19,2,0,3388,409.777,25,0:07:15,44267,5.39
WRHjcBpImbU,बहादुर सिख महिला ने क्यों अपनाया इस्लाम? -  Towards Eternity,"Apr 2, 2025",1684,4055,21.51,,3430,1.1822,1026,2339,2022,317,0,0,22,0,31,1,96.88,36,5,0,4055,407.9545,22,0:06:02,50266,6.25
n3nfwdYPz1I,मुहम्मद (स.अ.व.) की जीवनी 21 मिनट में – आखिरी नबी जिन्होंने इतिहास बदल दिया,"Jun 22, 2025",1334,2464,33.58,,1954,1.261,123,1825,1370,455,0,0,20,1,103,1,99.04,60,4,0,2464,306.5935,19,0:07:27,30683,5.18
BxOzCzRupf8,इस्लाम के विरुद्ध किताब लिखते-लिखते वह मुसलमान बन गया!- कहानी जोरम वॉन क्लेवरेन की,"Dec 10, 2024",1215,2789,26.45,,2371,1.1763,466,1854,1608,246,0,0,21,0,46,0,100,61,4,0,2789,248.9922,21,0:05:21,45118,4.46
ldCwINAI2Hg,"""मैंने ईश्वर से दुआ माँगी कि इस्लाम सच ना हो"" - एक जर्मन ने इस्लाम अपनाया। मार्सेल क्रास","Jun 30, 2025",1826,1418,31.44,,1142,1.2417,113,1014,754,260,0,0,11,1,55,2,96.49,24,2,0,1418,226.1564,10,0:09:34,18417,5.65
VnDdopZqZzM,4300 धर्मों में से इस्लाम ही क्यों? डेकार्ट की उत्कृष्ट तकनीक - Towards Eternity,"Feb 16, 2025",896,3456,25.24,,2761,1.2517,499,2236,1853,383,0,0,18,0,-27,-8,77.14,57,6,0,3456,217.1271,18,0:03:46,46213,4.77
myOLRUn2qYY,"आदम की गलती, हमारी सज़ा, क्यों? | बाइबल और कुरान की कहानियों में चौंकाने वाले अंतर","Jun 1, 2025",1044,1768,42.06,,1434,1.2329,49,1373,1076,297,0,0,15,0,49,0,100,40,3,0,1768,215.6574,15,0:07:19,22576,5.41
RlqTX4Qo_F0,"""मैंने हॉलीवुड छोड़ दिया"" - ईसाई महिला जैमी ब्राउन ने अपनाया इस्लाम","May 13, 2025",1978,1210,28.02,,995,1.2161,89,884,721,163,0,0,16,0,54,0,100,15,3,0,1210,186.3106,16,0:09:14,13821,6.27
tR4yRsE-org,"""इस्लाम अपनाने के बाद मेरे पिता ने मुझे छोड़ दिया..."" - एक ईसाई ने जेल में इस्लाम अपनाया!","May 7, 2025",1929,875,32.2,,711,1.2307,44,660,516,144,0,0,6,0,33,1,97.06,13,3,0,875,150.9567,6,0:10:21,12132,4.85
r4BRX1mfA9c,नमाज़ की जमाअत छूट जाने का एहसास है 🥺 #shorts,"Dec 30, 2025",23,25101,84.91,70.14,24460,1.0262,19671,4774,4071,703,0,0,9,1,264,38,87.42,10,1,0,49183,142.0384,8,0:00:19,5775,4.17
3eiA44K2qcI,आठ अरब लोगों में सिर्फ एक रोनाल्डो? ⚽️ #shorts,"Mar 28, 2026",75,11536,55.63,65.54,11036,1.0453,1579,9449,5628,3821,0,0,77,0,2080,7,99.66,229,19,0,20458,135.9472,77,0:00:41,6203,4.84
Rq5cXaXk3Ew,गुप्त हाफ़िज़ चेक! ✅ #shorts,"Feb 28, 2026",55,14841,55.74,57.83,14384,1.0318,2970,11389,8662,2727,0,0,47,0,2310,6,99.74,32,27,0,28912,130.5,47,0:00:30,6817,3.15
NHlKPFbd2kg,ये कहानी रमज़ान की अहमियत समझा देगी! 🕋❤️ सुनना मत भूलिए!  #shorts,"Mar 15, 2026",69,9241,71.79,65.41,8806,1.0494,1139,7662,4724,2938,0,0,27,0,1789,8,99.55,429,18,0,17115,129.161,27,0:00:49,6789,3.71
3f7D0QQQGQk,"""पैसा, शराब और लड़कियां, कुछ भी मुझे खुशी नहीं दे सकी!"" | @Dragonmanlegenddd","Apr 30, 2025",1732,926,28.34,,764,1.212,111,647,509,138,0,0,24,0,25,1,96.15,13,3,0,926,126.2642,24,0:08:10,15287,4.26
8mwSYrLNzp4,क्या नबी  ﷺ सच कह रहे थे? #shorts,"Jan 31, 2026",102,6587,66.44,65.15,6260,1.0522,996,5263,3190,2073,0,0,40,0,1272,10,99.22,83,25,0,12534,125.2583,40,0:01:07,12580,6.29
rd9aymx5aJ8,"मशहूर पत्रकार की कहानी, जिन्होंने इस्लाम को अपनाया! @laurenboothUK","Dec 22, 2024",1574,1020,27.99,,829,1.2304,57,764,587,177,0,0,9,0,56,0,100,37,1,0,1020,124.8298,9,0:07:20,16359,4.54
7JoVYl4_1qs,नबी मुहम्मद (ﷺ) की शादी के बारे में सबसे बड़ा झूठ! करारा जवाब!,"Jul 13, 2025",494,1980,45.63,,1635,1.211,60,1561,1191,370,0,0,5,0,48,0,100,37,4,0,1980,123.9837,5,0:03:45,23442,6.21
QcPZix-zHEA,"⁠""मैंने बौद्ध धर्म क्यों छोड़ा?” - एक जापानी इमाम की कहानी","Nov 30, 2025",1201,1091,32.75,,907,1.2029,46,855,650,205,0,0,8,0,54,0,100,20,4,0,1091,119.1961,8,0:06:33,19684,3.85
cVd-Dwp78gc,जन्नत या जहन्नुम? नोमान अली ख़ान का जवाब  😲 #shorts,"Jan 24, 2026",59,9476,68.38,67.97,8952,1.0585,822,8126,5472,2654,0,0,31,0,1720,11,99.36,78,7,0,17466,108.3023,31,0:00:40,17966,4.42
SPPLn3wgfdQ,"इस्लाम में महिलाएँ: बहुपत्नी प्रथा, विरासत और ‘मारने’ वाली आयत की विस्तृत व्याख्या! | EP 2","Nov 26, 2025",1040,1114,33.15,,916,1.2162,61,848,670,178,0,0,7,0,39,0,100,36,4,0,1114,106.6728,7,0:05:44,16169,4.47
BgHR5LfSGUs,"इसे देखने के बाद, कोई भी व्यक्ति अज्ञेयवादी (Agnostic) नहीं रह सकता।","Apr 4, 2026",1002,1928,19.71,,1583,1.2179,88,1321,494,827,18,4860,6,1,179,0,100,42,15,0,1928,105.7682,5,0:03:17,35344,4.07
7JpUcoMqykw,"""मुझे लगता था कि ईश्वर कमज़ोर लोगों के लिए है"" - कनाडाई नास्तिक ने अपनाया इस्लाम","Apr 11, 2026",1234,1214,25.19,,1023,1.1867,,,,,12,3240,4,0,109,4,96.46,19,7,0,1214,104.8263,4,0:05:10,17884,5.33
EJG6j-XSSQ8,एक पादरी ने इस्लाम अपनाया – यीशु के प्रति उनका प्यार उन्हें इस्लाम तक ले आया।,"Sep 18, 2025",1001,913,40.49,,804,1.1356,22,767,550,217,0,0,6,1,33,0,100,5,0,0,913,102.8025,5,0:06:45,13559,5.1
zhJwTIlcN1o,नास्तिक सर्जन ने इस्लाम अपनाया “मैंने अल्लाह से प्रार्थना की कि मेरी बेटी को बचाए”,"Oct 12, 2025",1563,652,34.92,,558,1.1685,28,528,413,115,0,0,1,0,16,1,94.12,20,1,0,652,98.8511,1,0:09:05,11497,3.98
Qa6z-4IFGDk,"रोज़ा रखना, नियमित नमाज़ पढ़ने से आसान क्यों लगता है? #shorts","Mar 16, 2026",49,10110,68.07,62.54,9828,1.0287,713,9111,6061,3050,0,0,29,0,1453,7,99.52,205,7,0,19115,96.1811,29,0:00:33,4178,3.85
xA6bWyEAMPw,उसने मुझे मुफ़्त में क़ुरआन दिया. #shorts,"Jan 23, 2026",52,8924,68.52,64.12,8605,1.0371,1090,7515,5363,2152,0,0,32,0,1406,5,99.65,13,11,0,17454,90.7003,32,0:00:35,9089,4.41
4yn4Uv7Gq4k,क़ुरआन पढ़ना शुरू करें — बहाने आज ख़त्म... 🚫👇🏻 #shorts,"Apr 4, 2026",55,8534,60.28,50.76,7973,1.0704,1650,6200,4105,2095,0,0,166,1,3045,3,99.9,374,20,0,18153,82.2313,165,0:00:33,4818,5.11
sigjZJG0edk,मैंने बाईबल पड़ी और एक खुदा को पाया। #shorts,"Jan 25, 2026",57,6249,78.69,60.5,5906,1.0581,404,5500,3260,2240,0,0,12,0,1027,8,99.23,30,5,0,12668,79.7407,12,0:00:44,11513,4.34
k2LwcpUvY48,फ़ज़र की अहमियत को उमर (रज़ि॰) से सुनिए #shorts,"Mar 30, 2026",37,8413,86.9,52.74,8017,1.0494,688,7306,4748,2558,0,0,31,0,2026,7,99.66,217,14,0,19074,78.564,31,0:00:32,5600,4.27
lBjlKLVrkoo,"रमज़ान में शैतान बंधे होते हैं, फिर भी हम गुनाह क्यों करते हैं? 🤔🕋 #shorts","Mar 17, 2026",63,6433,66.93,61.84,6133,1.0489,175,5964,3384,2580,0,0,18,0,1231,2,99.84,66,8,0,11781,77.1382,18,0:00:42,12276,5.42
KAUjjsi_sd0,मुसलमान बनने के बाद सबसे बड़ा चैलेंज #shorts,"Feb 8, 2026",54,8215,59.89,58.1,7866,1.0444,1292,6566,4545,2021,0,0,31,0,1690,5,99.71,46,22,0,16729,76.9802,31,0:00:32,15455,4.5
PIHkI8cv_Mk,एक पूर्व अमेरिकी सैनिक के इस्लाम अपनाने की कहानी। | Towards Eternity,"Apr 23, 2025",1496,600,30.87,,510,1.1765,32,475,371,104,0,0,4,1,17,1,94.44,18,0,0,600,76.972,3,0:07:41,8991,5.26
u4ao0i5Rngw,हम वास्तव में क्यों बनाए गए थे? #shorts,"Jan 29, 2026",34,7864,99.69,54.81,7443,1.0566,562,6880,3837,3043,0,0,21,0,1591,5,99.69,258,23,0,19275,76.8166,21,0:00:33,8817,3.89
OPRSPiJ5X2M,दुनिया की पहली यूनिवर्सिटी की स्थापना मुस्लिम महिला ने की। #shorts,"Jan 12, 2026",71,6370,59.86,67.05,6050,1.0529,1786,4264,3457,807,0,0,62,2,1235,4,99.68,200,18,0,11581,76.4541,60,0:00:42,4180,2.89
41iCfA8j0Oc,मुसलमान रमज़ान में रोज़ा क्यों रखते हैं? #shorts,"Mar 14, 2026",45,8585,67.93,58.92,8327,1.031,825,7502,4999,2503,0,0,36,2,1357,8,99.41,65,7,0,16532,76.113,34,0:00:30,6496,3.77
9mj2rQSbGWU,मौत अंत नहीं है — यह सबसे रहम वाले की ओर वापसी है ✨ #shorts,"Jan 20, 2026",67,6149,62.42,49.08,5812,1.058,1215,4596,3249,1347,0,0,40,1,1562,6,99.62,250,18,0,13898,74.1046,39,0:00:41,8128,4.38
yPws6g9taf8,क्या मर्द और औरत वास्तव में केवल दोस्त हो सकते है? #shorts,"Jan 26, 2026",63,5588,73.49,58.77,5223,1.0699,656,4562,2909,1653,0,0,26,0,1153,6,99.48,228,18,0,11711,73.814,26,0:00:46,9985,4.98
c6enH5DezYM,क़यामत का दिन बहुत क़रीब है! 7 प्रमुख निशानियाँ - Towards Eternity,"Nov 16, 2025",1074,685,35.33,,599,1.1436,41,557,460,97,0,0,13,0,17,0,100,33,0,0,685,72.2022,13,0:06:19,14665,3.68
SJ5vzrUhfB8,"""अज़ान सुनकर मैं रो पड़ा.."" - पूर्व गैंगस्टर की इस्लाम स्वीकारने की प्रेरक कहानी - Towards Eternity","Mar 17, 2025",1297,642,30.52,,519,1.237,8,502,406,96,0,0,3,1,0,0,,14,2,0,642,70.5942,2,0:06:35,10013,4.37
4O9LXApW3fc,अगर अल्लाह को पता है कि हम जन्नत जाएँगे या जहन्नुम तो हम जीते क्यों है? #shorts,"Mar 26, 2026",61,6294,61.5,53.33,5993,1.0502,630,5392,3500,1892,0,0,28,0,1173,3,99.74,108,11,0,13131,67.8794,28,0:00:37,4359,3.85
jmkSzYWZC1Q,लैलतुल क़द्र कब है? जानिए इसका राज़! 🔎🌟 #shorts,"Mar 16, 2026",41,5949,90.13,61.57,5655,1.052,145,5508,3508,2000,0,0,15,0,1147,5,99.57,203,5,0,12359,62.7223,15,0:00:36,5048,3.33
JtNwPDLokzc,क्या आपने फज्र की नमाज़ छोड़ दी — जो मार्गदर्शन का पहला प्रकाश है?⏰ #shorts,"Apr 3, 2026",18,13152,86.55,69.46,12802,1.0273,3672,9100,7340,1760,0,0,19,0,750,6,99.21,9,6,0,25643,59.9051,19,0:00:15,2522,3.73
K3pzz2GDT8o,क़ुरान के एक पेज पर 15 बार अल्लाह का नाम #shorts,"Mar 8, 2026",36,6898,79.83,55.7,6771,1.0188,523,6237,4242,1995,0,0,24,0,741,7,99.06,23,6,0,15695,57.3533,24,0:00:28,3423,2.13
cBFVMg4agZQ,"""मैंने इस्लाम के लिए FBI छोड़ दिया''- FBI एजेंट बनने के लक्ष्य से इस्लाम अपनाने तक की दिलचस्प कहानी।","Jul 3, 2025",1391,428,33.86,,369,1.1599,6,356,245,111,0,0,9,0,26,0,100,6,1,0,428,56.0029,9,0:07:51,6946,4.38
3IXiw74xDOY,वह इशारा जिसका आप इंतज़ार कर रहे थे #shorts,"Feb 17, 2026",18,12436,85.91,70.94,12055,1.0316,3406,8622,6531,2091,0,0,21,2,1004,8,99.21,7,2,0,22145,55.9663,19,0:00:15,5971,2.83
ilmxa-77j-w,"(+15) जब आप कब्र में होंगे, वे एक-एक करके आपके पास आएंगे! (अपनी आँखें बंद करें और सुनें!)","Sep 25, 2025",1240,528,30.55,,416,1.2692,17,391,324,67,0,0,2,0,25,1,96.15,14,0,0,528,55.5538,2,0:06:18,6834,4.67
K5kgVswFYEw,बौद्ध महिला के इस्लाम अपनाने की प्रेरणादायक कहानी  | Towards Eternity,"Apr 17, 2025",542,1071,33.01,,810,1.3222,97,700,564,136,0,0,23,2,-8,4,200,9,0,0,1071,53.2234,21,0:02:58,15413,4.84
haOLqQFz6i0,सबसे खुश लोग कौन है? अध्ययन कहती है मुसलमान #shorts,"Jan 13, 2026",45,5008,81.79,58.39,4622,1.0835,339,4284,2388,1896,0,0,14,0,1287,4,99.69,196,21,0,10402,52.6531,14,0:00:36,9979,4.99
7sQip24ttHs,"“मैं बौद्ध मंदिर में पला-बढ़ा मगर मैंने इस्लाम चुना"" | एक जापानी जोड़ी ने इस्लाम कुबूल किया।","Dec 7, 2025",1267,459,31.97,,382,1.2016,35,346,248,98,0,0,1,0,26,0,100,6,2,0,459,51.6396,1,0:06:45,10197,2.77
WL9OKQR5oJ0,POV: जब आपने रमज़ान में फ़ज्र की नमाज़ खत्म की 😂 #shorts,"Mar 5, 2026",11,14006,110.66,62.84,13665,1.025,4234,9433,7453,1980,0,0,12,0,363,8,97.84,8,2,0,32500,50.9762,12,0:00:12,4027,2.71
KFNzIv_7jHE,"मैं इस्लाम में कैसे दाख़िल हुआ, जबकि मैं सभी रूढ़िवादी धारणाओं पर यक़ीन करता था?﻿ #shorts","Apr 5, 2026",79,4105,53.16,51.8,3901,1.0523,254,3605,2113,1492,0,0,15,0,1003,3,99.7,46,8,0,8324,49.4764,15,0:00:41,4405,5.63
VvcHASe8Jm0,अल्लाह ज़ैतून का वर्णन क्यों करता है?🫒 #shorts,"Feb 5, 2026",53,4132,77.64,58.38,3916,1.0552,101,3812,2091,1721,0,0,8,0,922,2,99.78,75,10,0,8184,48.374,8,0:00:41,8152,4.53
e6BmFchXmEw,नाखून : अल्लाह की परफ़ेक्ट रचना का सबूत #shorts,"Jan 21, 2026",59,4127,68.84,62.59,3837,1.0756,338,3500,2169,1331,0,0,7,0,865,1,99.88,90,13,0,7825,47.6476,7,0:00:40,15483,4.62
Hb2addDEGZ8,आप रमज़ान में किस टाइप के इंसान हैं? 😂 #shorts,"Mar 1, 2026",27,8416,70.9,63.24,8017,1.0498,1187,6811,5015,1796,0,0,12,0,276,4,98.57,10,4,0,17149,47.2527,12,0:00:19,6081,3.29
v3wsNG9OM-E,सबसे अच्छा बदला ये है कि… #shorts,"Apr 6, 2026",20,9320,81.42,66.33,8869,1.0509,1278,7470,5124,2346,0,0,17,0,836,5,99.41,56,4,0,17252,44.5926,17,0:00:16,3216,5.29
MwWmwxzBzGM,इस दुनिया से जाने का सबसे ख़ूबसूरत तरीक़ा 🥺❤️ #shorts,"Feb 27, 2026",10,12520,109.39,68.13,12231,1.0236,2316,9911,7800,2111,0,0,8,1,567,4,99.3,2,1,0,27584,40.9034,7,0:00:10,4470,2.53
ArnMrgIhmQw,गरीब रोज़ा क्यों रखते हैं? जानिए असली वजह #shorts,"Mar 15, 2026",66,3049,68.61,62.49,2907,1.0488,36,2869,1603,1266,0,0,9,0,695,2,99.71,46,5,0,5981,39.1101,9,0:00:45,4552,3.16
9gbVYNbjRms,आपके पास सबकुछ है मगर अल्लाह नहीं है? #shorts,"Jan 22, 2026",69,3137,60.85,58.37,2931,1.0703,236,2694,1674,1020,0,0,18,0,828,3,99.64,83,8,0,6361,37.6761,18,0:00:41,7222,4.87
yyNyCePVAgs,अल्लाह के क़रीब होने की शक्तिशाली दुआ। #shorts,"Jan 28, 2026",24,4580,117.13,58.07,4181,1.0954,137,4044,2340,1704,0,0,11,0,1059,3,99.72,199,14,0,11119,37.2234,11,0:00:28,13462,5.67
FieFqpJ2nJY,सहरी के लिए रात के 3 बजे मेरी हालत 🌙 #shorts,"Mar 4, 2026",17,8246,89.42,72.12,8079,1.0207,1127,6903,4964,1939,0,0,8,0,301,2,99.34,50,3,0,15470,36.2873,8,0:00:15,4541,3.19
JC9PbevVNBM,कौन पढ़ रहा है? अंदाज़ा लगाइए!  #shorts,"Apr 11, 2026",35,5031,68.15,45.78,4773,1.0541,,,,,0,0,16,2,874,6,99.32,6,94,0,12575,35.9667,14,0:00:23,2509,4.9
MgG8UyAfh8U,ये 4 असरदार दुआएं सिर्फ़ सही इंसान को पाने के लिए नहीं हैं — #shorts,"Feb 6, 2026",40,4531,64.99,52.21,4288,1.0567,371,3916,2422,1494,0,0,15,0,881,5,99.44,118,7,0,10126,34.6284,15,0:00:25,7194,4.85
QNX3g0yYRWo,POV: आप सोने की कोशिश कर रहे हैं लेकिन आप अपनी रोज़ाना की इबादत करना भूल गए। 🫣 #shorts,"Mar 9, 2026",19,7099,86.45,60.44,6897,1.0293,1079,5793,3989,1804,0,0,4,0,336,4,98.82,10,2,0,15711,34.6161,4,0:00:16,4096,3.22
Aypv44nh7Wg,जब आपको अल्लाह की नेमतों का एहसास होता है 🥺❤️ #shorts,"Feb 22, 2026",15,8302,93.04,62.62,7903,1.0505,1269,6641,4941,1700,0,0,16,0,768,6,99.22,16,5,0,17915,34.3517,16,0:00:13,5394,2.11
Pff_AOTTDrE,कभी न ख़त्म होने वाली जेब #shorts,"Feb 18, 2026",18,6965,89,60.66,6760,1.0303,328,6417,3689,2728,0,0,5,0,360,3,99.17,2,7,0,15681,33.1127,5,0:00:16,6081,2.66
vsrT12GE9iY,इस्लामिक आदतें 😂 #shorts,"Feb 13, 2026",13,7661,104.91,66.6,7429,1.0312,438,6986,3878,3108,0,0,4,0,485,3,99.39,4,6,0,17178,31.0679,4,0:00:13,6370,4.44
RIsUoWryNNU,"'वो झूठे ख़ुदाओं को पुकारते रहे, अंततः उन्हें सच्चा खुदा मिल गया' @mohammadcleon","Jul 6, 2025",1312,227,37.25,,194,1.1701,2,191,144,47,0,0,0,0,12,0,100,4,0,0,227,30.8182,0,0:08:08,5007,3.54
2ItNjFeETGo,इस्लाम में महिलाएँ: उत्पीड़ित या सम्मानित? - अद्भुत इस्लामी उत्तर! | एपिसोड 1,"Oct 1, 2025",1402,241,32.46,,176,1.3693,7,166,129,37,0,0,1,0,11,0,100,18,2,0,241,30.4677,1,0:07:35,5669,2.4
1c_sIL1hnZY,"कुरआन में दर्ज 7 ऐसी तकनीकें, जो वैज्ञानिकों को भी हैरान कर दे।","Jul 31, 2025",686,349,44.74,,273,1.2784,6,262,215,47,0,0,3,0,15,0,100,4,0,0,349,29.7544,3,0:05:06,4672,4.82
DdbMcclxmNY,इस्लामिक क्विज़ विद पूल ड्रॉप पेनल्टी #shorts,"Mar 25, 2026",32,4409,71.31,61.9,4273,1.0318,211,4068,2546,1522,0,0,7,0,315,1,99.68,1,0,0,8357,29.247,7,0:00:22,5432,3.48
AtE0pxroDrk,"इस्लाम बनाम ईसाइयत – हर बड़ा सवाल, आखिरकार एक दमदार वीडियो में जवाब दे दिया गया!","Aug 24, 2025",3466,140,21.15,,99,1.4141,5,90,72,18,0,0,0,0,2,1,66.67,8,1,0,140,28.5094,0,0:12:13,5014,1.62
NKTgvYjbzHw,क्या आपके दिल में ऐसा दर्द है जिसे आप व्यक्त नहीं कर सकते? 💔 #shorts,"Jan 18, 2026",42,2721,84.78,52.72,2455,1.1084,401,2054,1227,827,0,0,25,0,690,2,99.71,88,15,0,6396,27.9332,25,0:00:35,8345,4.77
ANIMkV3SRtM,मुश्किलों में सब्र के बाद नबी ﷺ से मुलाक़ात #shorts,"Mar 11, 2026",24,4824,78.15,51.01,4696,1.0273,269,4408,2975,1433,0,0,9,0,573,2,99.65,28,5,0,11028,27.4941,9,0:00:18,4124,3.25
1oBx5KX4Roo,1 इस्लाम में 10 धर्मांतरण जिसपर आप विश्वास नहीं करेंगे – नास्तिकों से मिशनरियों तक,"Nov 23, 2025",1780,266,20.79,,218,1.2202,13,203,146,57,0,0,2,0,12,0,100,12,1,0,266,27.3489,2,0:06:10,7984,2.07
TjGHXDD0IX0,शहादा के बाद उनके पहले शब्द  #shorts,"Apr 7, 2026",62,2835,52.31,44.51,2740,1.0347,84,1680,951,729,0,0,12,0,1058,3,99.72,26,9,0,7136,27.2239,12,0:00:32,1994,4.41
NHvtwP-kZMM,"ब्रिटेन की वो हिजाबी बस ड्राइवर, जिन्हें एक फिल्म ने इस्लाम की राह दिखाई।","Feb 14, 2026",1242,671,11.33,,597,1.124,18,579,244,335,3,900,0,0,62,2,96.88,3,10,0,671,26.2201,0,0:02:20,6239,7.53
_jRgaP5D3ds,आप रमज़ान में किस टाइप के इंसान हैं? 😂 #shorts,"Mar 14, 2026",27,4498,69.44,60.05,4339,1.0366,657,3679,2452,1227,0,0,2,0,214,2,99.07,2,1,0,9427,24.9811,2,0:00:18,3211,3.49
5w6A1KMBEGs,कलमा पढ़ने के बाद मुझे कैसा लगा? #shorts,"Jan 27, 2026",68,2187,54.63,51.86,2064,1.0596,23,2036,1044,992,0,0,2,0,476,3,99.37,17,12,0,4770,23.3835,2,0:00:37,8077,5.27
skkL3GZHZvY,अपने ईमान का ख्याल रखें... #shorts,"Feb 25, 2026",15,5625,93.77,65.89,5524,1.0183,412,5096,3533,1563,0,0,9,0,719,2,99.72,78,4,0,11160,23.3357,9,0:00:14,5542,3.32
uXK2Ru_onEc,क्या आपने पहले ऐसा अनुभव किया है?😂 #shorts,"Feb 2, 2026",8,7038,132.97,68.04,6830,1.0305,458,6370,4322,2048,0,0,2,1,355,4,98.89,9,4,0,16211,22.4732,1,0:00:10,3561,2.05
S_iNcq3od9Q,जब आपकी ज़िंदगी को अल्लाह सँवारता है #shorts,"Mar 2, 2026",9,6956,114.43,61.58,6775,1.0267,536,6212,4661,1551,0,0,4,0,475,6,98.75,21,2,0,16671,22.1709,4,0:00:10,4484,2.65
K__2ed_McEw,ईद की नमाज़ कैसे अदा करें! #shorts,"Mar 18, 2026",77,1431,70.22,48.12,1345,1.0639,104,1241,557,684,0,0,1,0,347,2,99.43,58,6,0,3252,22.1373,1,0:00:54,5936,4.26
SrpXllmP5jY,जब अहसास होता है कि रमज़ान खत्म होने वाला है 😢 #shorts,"Mar 17, 2026",8,7644,116.53,64.16,7454,1.0255,107,7369,5193,2176,0,0,2,1,538,3,99.45,7,5,0,17468,22.0359,1,0:00:09,3481,3.45
xaU5ctEfKsA,क्या आपने कभी सोचा है कि कुछ जोड़े हर मुश्किल के बावजूद शांत और मोहब्बत भरे कैसे रहते हैं?  #shorts,"Jan 16, 2026",33,2731,82.02,46.37,2549,1.0714,219,2330,1420,910,0,0,6,0,689,1,99.86,94,6,0,6744,21.8871,6,0:00:27,5379,3.61
ljkQGVBkKzw,"हमने 10 धर्मांतरित महिलाओं से पूछा: ""इस्लाम क्यों?""","Sep 10, 2025",1364,237,24.03,,189,1.254,18,170,128,42,0,0,5,0,8,0,100,22,0,0,237,21.5767,5,0:05:27,4447,3.33
9sukRdYCrAg,सुकून से दुआ करने का संघर्ष  #shorts,"Apr 8, 2026",12,5384,107.5,59.28,5172,1.041,214,4059,2455,1604,0,0,5,0,585,1,99.83,7,14,0,12516,20.9016,5,0:00:12,1925,4.88
5oqSX5rZe7Q,मौत के बाद रूह से कैसे सवाल होते हैं? #shorts,"Apr 9, 2026",113,1358,46.73,45.53,1263,1.0752,12,668,198,470,0,0,0,0,390,0,100,55,5,0,3102,20.4747,0,0:00:52,2414,6.42
SkLQSPmMin8,ज़िंदगी की मुश्किलों के पीछे की बुद्धिमत्ता  #reels,"Jan 14, 2026",55,1805,69.7,45.46,1655,1.0906,32,1623,862,761,0,0,1,0,521,0,100,51,8,0,4745,20.1387,1,0:00:38,7704,3.5
8NzJ77UXVTs,अंदाज़ा लगाओ कौन पढ़ रहा है? #shorts,"Feb 4, 2026",17,3220,120.3,46.08,3096,1.0401,67,3025,1886,1139,0,0,3,0,412,7,98.33,4,42,0,9461,20.0132,3,0:00:20,3939,3.38
bkWWNAdkV3E,मग़फ़िरत और अल्लाह की रहमत की ख़ूबसूरत दुआ #shorts,"Feb 7, 2026",72,1750,54.86,46.8,1622,1.0789,78,1543,840,703,0,0,3,0,553,1,99.82,37,9,0,3925,19.9556,3,0:00:39,6342,4.08
B1VbvdP3FKA,नमाज़ के दौरान सबसे मुश्किल चॉइस! 😂🤲 #shorts,"Feb 20, 2026",17,3664,106.61,53.02,3429,1.0685,140,3289,1820,1469,0,0,1,0,376,2,99.47,7,10,0,9267,19.7876,1,0:00:18,6878,3.27
M67V30PAxqM,"जिम आपकी मसल्स बनाता है, लेकिन नमाज़ आपकी रूह बनाती है। अपने सोल डे को मिस न करें। #shorts","Feb 10, 2026",12,4497,118.26,56.86,4313,1.0427,151,4161,2436,1725,0,0,2,0,336,3,99.12,9,5,0,11014,19.3046,2,0:00:14,3950,3.11
mUdIfMsIF90,प्रसिद्ध एशियाई मॉडल ने अपनाया इस्लाम! - “मैं गुलाम थी; इस्लाम ने मुझे आज़ादी दी!”,"Oct 26, 2025",1721,154,24.11,,112,1.375,4,106,71,35,0,0,3,0,3,0,100,7,1,0,154,17.7524,3,0:06:54,5398,1.85
JqNl3U7e2Ro,आयतुल कुर्सी की ताक़त ⚡ #shorts,"Feb 23, 2026",7,6164,130.51,65.05,5988,1.0294,335,5653,3774,1879,0,0,0,0,214,6,97.27,4,1,0,15410,17.238,0,0:00:09,5694,5.34
ByBXGH3aRds,"""काश तुम मुसलमान होने के बजाय एक वेश्या होतीं"" / यहूदी महिला जिसने इस्लाम कबूल किया।","May 21, 2025",1280,128,36.06,,57,2.2456,7,49,35,14,0,0,1,0,1,0,100,8,0,0,128,16.4134,1,0:07:41,2285,1.58
wJRQwVl1sPI,"देखिए, क्या आप गुब्बारा। फोड़ने से पहले सही जवाब का अनुमान लगा सकते है? 😅 #shorts","Feb 1, 2026",32,2584,66.16,52.4,2455,1.0525,28,2424,1350,1074,0,0,6,0,378,1,99.74,5,2,0,5524,16.3867,6,0:00:21,4353,3.1
oQd7ueXv07I,"“मैं अवसादग्रस्त हो रहा था, इस्लाम ने मुझे बचाया”–@WAYOFLIFESQ‬ के धर्म परिवर्तन की अविश्वसनीय कहानी","Aug 27, 2025",1590,90,40.96,,66,1.3636,4,61,41,20,0,0,0,0,3,0,100,1,0,0,90,16.28,0,0:10:51,3982,1.43
PZyOUr0Ky3Y,"क्या इस्लाम ‘ग़ैर-मुसलमानों को मार दो’ कहता है? — जिहाद, शरीअत और ग़ुलामी के बारें में छुपी सच्चाई","Oct 22, 2025",1384,135,29.28,,102,1.3235,3,98,69,29,0,0,1,0,3,0,100,1,0,0,135,15.1968,1,0:06:45,5448,1.58
nyQxm7tdK-4,अल्लाह ने एक के बजाय कई पवित्र किताबें क्यों भेजीं? – मुसलमान बनाम ग़ैर-मुस्लिम,"Sep 3, 2025",1284,123,34.51,,86,1.4302,3,83,61,22,0,0,1,1,7,0,100,4,0,0,123,15.1408,0,0:07:23,3942,1.85
RbFWycuPvrk,नबियों के बारें में फ़न बलून गेम #shorts,"Jan 15, 2026",30,2649,61.87,49.78,2556,1.0364,93,2463,1529,934,0,0,4,0,241,1,99.59,5,1,0,6165,14.9109,4,0:00:18,3648,2.44
04M9jRbK3wU,छोटे भाई के साथ नमाज़ पढ़ना... 😅 #shorts,"Mar 29, 2026",12,4336,94.12,67.51,4199,1.0326,183,4008,1948,2060,0,0,1,0,232,4,98.31,1,0,0,8625,14.8002,1,0:00:11,3304,5.3
oWp-9fTyiK0,आख़िरकार फ़ज़र से शुरुआत हुई... #shorts,"Apr 2, 2026",26,3301,52.9,41,3229,1.0223,490,2737,1673,1064,0,0,14,1,861,3,99.65,2,3,0,8617,14.5928,13,0:00:13,2975,4.5
dTNcN7M8x0c,"इस्लाम बनाम ईसाई धर्म में औरतों का दर्जा – अधिकार, पॉलीगामी, हिजाब... @DrSabbelAhmed","Nov 2, 2025",856,170,35.09,,161,1.0559,7,153,130,23,0,0,2,1,3,0,100,5,0,0,170,14.1838,1,0:05:00,5405,0.61
hozyytkkm0s,POV: फ़ज्र के लिए उठना कुछ ऐसा होता है... #shorts,"Mar 27, 2026",10,3858,120.92,60.76,3706,1.041,293,3425,1861,1564,0,0,0,0,222,3,98.67,0,2,0,9811,14.1083,0,0:00:12,2945,4.07
3uaN4RLWp6I,क़ब्र का सपना और नमाज़ का अहसास | नौमान अली खान की आपबीती - टूवर्ड्स ईटर्निटी,"Apr 9, 2025",2467,60,34.09,,38,1.5789,3,35,27,8,0,0,0,0,1,0,100,2,1,0,60,14.0172,0,0:14:01,1938,1.5
Qe4sjgXSX4I,अलविदा रमज़ान #shorts,"Mar 19, 2026",15,2948,101.52,60.24,2854,1.0329,93,2773,1555,1218,0,0,3,0,350,1,99.72,14,4,0,6954,13.228,3,0:00:15,5460,4.25
Jzzn6rlLKXc,आइए मिलकर दुआ करते है! 🤲 #shorts,"Mar 17, 2026",33,2488,54.76,55.55,2369,1.0502,49,2317,1191,1126,0,0,5,0,632,0,100,14,45,0,4956,13.2094,5,0:00:18,4443,2.77
y1O9LFum4lU,मैं उनसे बात कर रहा हूँ  #shorts,"Feb 26, 2026",11,1998,201.49,51.54,1874,1.0662,66,1809,1110,699,0,0,3,0,220,0,100,1,0,0,4927,13.144,3,0:00:22,4269,1.92
0MUhFsoJxIA,"मुझे लगा मैं अकेला हूँ, जब तक मैंने ये नहीं पढ़ा... #shorts","Feb 21, 2026",31,1993,69.31,42.13,1815,1.0981,55,1752,1005,747,0,0,5,0,443,2,99.55,69,6,0,5426,13.0979,5,0:00:21,6412,2.67
BRky9ZY2tSs,अल्लाह आपके लिए मंसूबा बनाते हैं #shorts,"Feb 15, 2026",14,2811,100.95,45.24,2690,1.045,101,2589,1462,1127,0,0,3,0,408,1,99.76,30,7,0,7948,12.5788,3,0:00:14,4680,2.59
z_NDJBlq9FU,नास्तिकता बनाम इस्लाम: मोहम्मद हिजाब ने नास्तिक तर्कों का दिया करारा जवाब!,"Aug 8, 2025",1251,152,23.72,,127,1.1969,4,118,85,33,0,0,0,0,0,0,,4,0,0,152,12.5284,0,0:04:56,4075,2.09
aHQceVYhnJM,"""यीशु ने ईसाई धर्म नहीं, बल्कि इस्लाम का प्रचार किया!"" - एक ब्रिटिश ईसाई ने अपनाया इस्लाम","Jul 20, 2025",1583,62,44.56,,41,1.5122,2,39,30,9,0,0,1,0,1,0,100,5,0,0,62,12.1482,1,0:11:45,2782,0.75
4PoXKt3fZj8,जब आप मग़रिब में चौथी रकअत के लिए खड़े हो जाएं  #shorts,"Feb 16, 2026",9,3516,125.24,60.24,3388,1.0378,109,3286,1802,1484,0,0,0,0,241,2,99.18,5,9,0,8925,12.0865,0,0:00:11,4647,2.54
hLZZfHJT-to,पुल-सिरात! 7 पड़ावों पर 7 प्रश्न - Towards Eternity,"May 28, 2025",942,90,46.17,,72,1.25,3,68,55,13,0,0,2,0,-2,0,100,1,0,0,90,10.8723,2,0:07:14,2322,2.02
rrAJJK02V4I,"""यहदीना व यहदीकुमुल्लाह"" कहना सीखना सब्र का इम्तिहान है 😂 #shorts","Mar 24, 2026",13,2491,105.12,49.31,2391,1.0418,47,2342,1455,887,0,0,3,0,194,1,99.49,0,2,0,6313,10.5259,3,0:00:13,4164,3.65
co_mKzQMK48,यह उस दोस्त को सेंड करें जिसे Reels की ऐसी लत लगी है। 😂 #shorts,"Feb 9, 2026",12,2902,99.83,63.53,2729,1.0634,93,2636,1418,1218,0,0,3,0,144,2,98.63,3,4,0,6067,10.4473,3,0:00:11,4627,3.31
PEf4WzMH8TU,वह एक जगह जो आपको कभी जज नहीं करती #shorts,"Feb 11, 2026",8,3191,121.5,52.03,3052,1.0455,24,3027,1715,1312,0,0,0,0,311,1,99.68,7,3,0,8817,10.0327,0,0:00:09,3531,2.21
SWow3r8ajho,POV: जब आपका दोस्त कुछ हराम करने को कहे #shorts,"Apr 10, 2026",21,1935,71.36,46.23,1834,1.0551,,,,,0,0,1,0,246,0,100,1,1,0,4921,9.1055,1,0:00:14,1588,5.35
kXEI_t3UzcY,क्या शादी पूर्वनिर्धारित है? क़दर 💍 #shorts,"Apr 12, 2026",77,646,62.87,40.08,598,1.0803,,,,,0,0,0,0,205,0,100,19,2,0,1726,9.0488,0,0:00:48,1819,5.77
5CQ8NZNto8Q,सबसे मज़ेदार पिलो गेम #shorts,"Feb 3, 2026",56,1116,49.09,50.36,1021,1.093,153,865,447,418,0,0,1,0,187,0,100,9,3,0,2467,8.9572,1,0:00:27,4677,3.08
xuUmXNRwOPo,🕌 क्या नियमित नमाज़ पढ़ना मुश्किल लगता है? आप अकेले नहीं हैं। #shorts,"Jan 11, 2026",39,1063,70.77,54.02,982,1.0825,187,791,485,306,0,0,4,0,163,2,98.79,31,1,0,2149,8.4619,4,0:00:27,4268,2.13
lhZB0n457aw,स साल तरावीह में आपके साथ कौन खड़ा है? #shorts,"Mar 14, 2026",9,2711,107.94,59.31,2622,1.0339,108,2511,1492,1019,0,0,0,0,182,1,99.45,1,1,0,6174,8.1253,0,0:00:09,3278,3.08
Ai42MGiOUnY,आजकल हम अपना इमाम कैसे चुनते हैं! 😂 #shorts,"Feb 24, 2026",28,1420,65.68,50.34,1307,1.0865,5,1299,597,702,0,0,1,0,126,1,99.21,0,3,0,3292,7.8256,1,0:00:18,5129,3.29
ZiliXrwFWJw,कोई कुकीज़ नहीं? 😂 #shorts,"Mar 12, 2026",13,1846,98.67,44.01,1768,1.0441,138,1629,1064,565,0,0,0,0,126,2,98.44,1,1,0,5362,7.5487,0,0:00:12,3153,2.82
NP2xM-kBGCU,क्या आप नाम का अंदाज़ा लगा सकते हैं? #shorts,"Jan 3, 2026",39,914,67.23,43.34,883,1.0351,0,870,509,361,0,0,2,0,66,0,100,0,0,0,2437,7.2066,2,0:00:26,1227,1.22
EcjYIy03mwg,मजेदार तकिया खेल! #shorts,"Jan 17, 2026",51,917,49.52,39.89,838,1.0943,36,802,454,348,0,0,0,0,123,0,100,2,4,0,2512,7.0792,0,0:00:25,4140,2.22
4qliIPQXM9s,रमज़ान: आपकी रूह की गहरी सफाई ✨ #shorts,"Mar 13, 2026",15,1515,93.51,44.61,1472,1.0292,252,1217,705,512,0,0,1,0,98,2,98,1,0,0,4146,6.7315,1,0:00:14,3320,2.86
7UDQgnDLups,मज़हब क्या है? हर कठिन सवाल का जवाब एक ही वीडियो में!,"Oct 5, 2025",1319,87,20.94,,69,1.2609,3,65,39,26,0,0,0,0,4,0,100,2,0,0,87,6.6735,0,0:04:36,4405,1.11
gPbps2dYOSw,"इमाम अल-गज़ाली  के जीवन की अद्भुत कहानी! - कैसे वह ""इस्लाम का प्रमाण"" बन गए?","Nov 30, 2024",763,89,35.07,,67,1.3284,1,58,44,14,0,0,2,0,5,0,100,2,0,0,89,6.6157,2,0:04:27,305,15.41
aIw6M5JF1wU,रमज़ान: सिर्फ रोज़ा रखने से कहीं ज़्यादा! #shorts,"Mar 6, 2026",16,1384,94.46,49.48,1336,1.0359,56,1274,793,481,0,0,1,0,155,1,99.36,5,1,0,3449,6.4839,1,0:00:15,4288,2.73
zqbsWCVrvog,जब नमाज़ के दौरान दिमाग़ काम करना बंद कर दे... #shorts,"Feb 12, 2026",11,1537,123.82,51.08,1477,1.0406,28,1446,677,769,0,0,3,0,189,0,100,9,5,0,4403,6.3769,3,0:00:13,4703,4.25
9-0V6lAyM70,अल्लाह की तलवार #shorts,"Mar 31, 2026",28,1080,68.23,43.21,989,1.092,115,869,412,457,0,0,5,0,284,2,99.3,9,3,0,2874,6.3143,5,0:00:19,3370,5.88
XoWuP6hO3rs,यह हैं वो चीज़ें जो मुस्लिम शादियों को खत्म करती हैं – देखिए इससे पहले कि बहुत देर हो जाए।,"Jun 14, 2025",1577,59,24.37,,47,1.2553,4,43,32,11,0,0,1,0,2,0,100,6,0,0,59,6.2992,1,0:06:24,2419,1.32
0SIw6MXmujE,अल्लाह तुमसे प्यार करता है #shorts,"Jan 19, 2026",21,1145,82.62,49.55,1103,1.0381,200,903,524,379,0,0,1,0,149,1,99.33,4,4,0,2739,5.9927,1,0:00:17,4063,3.2
AFoOa2RCzR4,अल्लाह मुस्कुराने का सवाब देता है #shorts,"Apr 1, 2026",16,1417,81.99,48.07,1348,1.0512,45,1299,666,633,0,0,3,0,438,2,99.55,23,4,0,3357,5.8355,3,0:00:13,3108,3.99
j7ykSl__7_M,ज़ायोनिस्टों की खतरनाक शैतानी चालें!,"May 18, 2025",980,54,38.45,,44,1.2273,1,41,32,9,0,0,1,0,-1,0,100,1,0,0,54,5.6519,1,0:06:16,2058,1.46
pM6k1uAMdY8,"""मैं बिना फ़्लर्ट किए शादी कैसे कर सकती हूँ, पापा?"" / एक मुस्लिम पिता से बेटी के कठिन सवाल","Aug 21, 2025",1717,73,16.13,,50,1.46,1,48,34,14,0,0,0,0,-1,0,100,4,0,0,73,5.6149,0,0:04:36,3154,1.3
WSRUo6Ig7yE,नमाज़ के 6 शक्तिशाली फ़ायदे #shorts,"Jan 9, 2026",46,654,62.9,57.45,609,1.0739,53,555,373,182,0,0,2,0,163,2,98.79,7,3,0,1261,5.4583,2,0:00:28,2319,1.77
x78IFwSuvCY,जीवन पर संभावित प्रभाव #shorts,"Mar 23, 2026",22,1057,60.95,48.33,1014,1.0424,20,994,504,490,0,0,2,0,137,0,100,3,0,0,2429,4.4085,2,0:00:13,2620,2.94
qBOCV1RIX60,नबी ﷺ को मिस्र के त्योहार का कभी पता नहीं था — जब तक अल्लाह ने उसे प्रकट नहीं किया #shorts,"Nov 5, 2025",60,252,100.14,91.58,231,1.0909,2,229,186,43,0,0,1,0,20,0,100,0,1,0,431,4.2151,1,0:01:00,3321,5
GbDzHQNR29A,"""मैंने ईश्वर के साथ एक सौदा किया!"" - रहीम जंग के धर्मांतरण की भावनात्मक कहानी”","Dec 15, 2024",1551,23,38.14,,20,1.15,1,19,14,5,0,0,0,0,0,0,,0,0,0,23,3.7793,0,0:09:51,1431,1.05
2w5P0-dFr38,5 साल के अहमद की दुःखद कहानी. #shorts,"Jan 8, 2026",44,369,78.05,60.71,331,1.1148,7,324,185,139,0,0,2,0,73,1,98.65,5,1,0,769,3.6232,2,0:00:34,2682,1.79
z_ai7gOmzm0,जन्मजात या सामाजिक दबाव? | Gen-Z में LGBT बढ़ने की वजहें।,"Mar 23, 2025",1208,34,29.68,,32,1.0625,4,28,23,5,0,0,0,0,2,0,100,2,0,0,34,3.3857,0,0:05:58,1549,1.61
V8LLQKJdIoc,कैसे पोर्नोग्राफी करती है आपके आने वाले जीवन को प्रभावित! - NoFap Fail! ‪@iamLucid,"Jan 20, 2025",503,61,39.02,,52,1.1731,7,45,36,9,0,0,0,0,-1,0,100,0,0,0,61,3.3259,0,0:03:16,1634,1.96
bBjocIFZGs4,मुसलमानों का सबसे बड़ा ख़्वाब #shorts,"Jan 30, 2026",24,510,95.83,74.02,424,1.2028,8,414,250,164,0,0,0,0,68,0,100,31,4,0,984,3.3233,0,0:00:22,4380,5.66
C3gOE1Y3JjM,जबतक मैंने अल्लाह को नहीं जाना - मैं ख़ुद को नहीं जानता था #shorts,"Jan 10, 2026",66,301,58.08,58.33,294,1.0238,3,290,179,111,0,0,0,0,38,0,100,0,0,0,624,3.3137,0,0:00:38,1980,2.17
ICt2Ze-voiQ,दुनिया में पहली बार: अल्लाह की चुनी हुई पाक औरतों की दास्तान | जन्नत की माएँ – आधिकारिक ट्रेलर,"Feb 15, 2026",230,123,41.13,,111,1.1081,5,106,54,52,3,900,0,2,16,0,100,5,0,0,123,3.2321,-2,0:01:34,688,8.58
7ubAl761trk,क्या नबी  ﷺ सच कह रहे थे? #shorts,"Dec 29, 2025",102,226,48.99,73.42,211,1.0711,2,208,117,91,0,0,0,0,35,0,100,1,0,0,364,3.1733,0,0:00:49,1078,1.21
v8RSPup20ss,आपका ईमान कितना मज़बूत है? अभी परखें 💯 #shorts,"Nov 15, 2025",42,301,86.32,87.65,261,1.1533,86,175,120,55,0,0,0,0,22,0,100,26,0,0,449,3.0412,0,0:00:36,1869,6.42
Gcck51f2O9U,भीड़भाड़ वाली मस्जिदों की समस्या — सभी मुसलमानों को जानना चाहिए 😅 #shorts,"Jan 4, 2026",10,869,115.79,69.35,849,1.0236,4,836,541,295,0,0,0,0,39,0,100,1,0,0,2014,3.0129,0,0:00:11,1304,2.3
FVM_pvPdDxQ,इस्लाम ने 1400 साल पहले ही नस्लभेद समाप्त कर दिया था! – काला या गोरा? फर्क नहीं पड़ता,"May 24, 2025",748,49,28.53,,32,1.5313,1,31,16,15,0,0,0,0,-5,1,125,0,0,0,49,2.9045,0,0:03:33,2141,1.21
foNlQ_7Xa8c,क्या आपके साथ भी ऐसा हुआ? 😂 #shorts,"Dec 26, 2025",8,810,148.58,62.94,773,1.0479,0,767,524,243,0,0,0,0,37,0,100,0,1,0,2023,2.898,0,0:00:11,920,0.54
uF7z4ubKo-U,क्या शादी पूर्वनिर्धारित है? क़दर 💍 #shorts,"Jan 5, 2026",77,186,71.03,63.77,171,1.0877,6,165,110,55,0,0,0,0,25,0,100,5,1,0,318,2.8737,0,0:00:54,1685,1.54
 -XWKGgWK4mQ,क्या क़ुरान और साइंस में कोई टकराव है? #shorts,"Nov 7, 2025",56,221,80.34,84.77,207,1.0676,3,203,166,37,0,0,1,0,24,0,100,4,0,0,350,2.7782,1,0:00:44,3188,4.02
C0aA8uQmXRo,आप मर जाएँगे। #shorts,"Dec 28, 2025",101,134,66.41,58.42,121,1.1074,16,104,69,35,0,0,0,0,18,0,100,12,0,0,277,2.5325,0,0:01:07,1038,1.06
sv-MGIqTN_k,"हे ईश्वर, हमारे भाइयों और बहनों को स्वतंत्रता और शांति प्रदान करें। #shorts","Jan 6, 2026",23,439,76.12,66.46,408,1.076,21,387,245,142,0,0,0,0,78,0,100,10,0,0,793,2.2437,0,0:00:17,1867,1.34
24FpEbVFVdE,अल्लाह बुराई को रोकते क्यों नहीं? 🛑 #shorts,"Dec 25, 2025",82,138,65.91,63.37,124,1.1129,8,115,76,39,0,0,2,0,7,0,100,4,0,0,240,2.1016,2,0:00:54,1454,2.06
2l0fW2letB8,क्या आपने कभी सोचा है कि हमारी असल क़ीमत क्या है?,"Sep 8, 2025",67,176,59.49,79.34,147,1.1973,24,117,85,32,0,0,2,0,23,0,100,6,0,0,262,1.9668,2,0:00:39,3463,3.58
ZnpTw37NRe8,DJ बनने का सपना... एक गलत फैसला और पूरी ज़िंदगी बर्बाद! | #inspiration #lifechanging #trueevents,"Mar 30, 2025",1259,20,26.89,,19,1.0526,2,17,14,3,0,0,0,0,1,0,100,0,0,0,20,1.881,0,0:05:38,1559,0.64
F4a-eUzVw-o,परफेक्शनिज़्म का समाधान! #shorts,"Dec 27, 2025",61,119,83.44,63.48,104,1.1442,4,100,68,32,0,0,1,0,18,0,100,7,0,0,238,1.7085,1,0:00:50,957,2.19
3Oi_G0x5HLc,एक शानदार छुट्टी जो कभी ख़त्म नहीं होती? 🏖️☀️🌊 #shorts,"Jan 1, 2026",59,146,67.78,53.75,132,1.1061,5,126,87,39,0,0,0,0,17,0,100,2,0,0,294,1.6732,0,0:00:39,1199,1.25
y6BkePPO_D8,क्या आपने सपने में पैग़ंबर मुहम्मद ﷺ को देखा है? 🥹 #shorts,"Sep 14, 2025",73,113,69.68,73.79,98,1.1531,15,82,60,22,0,0,0,0,3,0,100,2,0,0,184,1.6113,0,0:00:50,2463,2.31
ldQq-N8a9Pc,क्या इस्लाम हिंसा सिखाता है? - क़ुरआनी आयतों पर मोहम्मद हिजाब से तीखे सवाल! #islam  #humanrights,"Apr 6, 2025",1200,24,19.95,,15,1.6,1,14,11,3,0,0,0,0,-1,0,100,0,0,0,24,1.5959,0,0:03:59,1641,0.55
wlbDFvzyw1Y,#shorts,"Sep 27, 2025",71,97,66.65,64.23,86,1.1279,9,73,57,16,0,0,0,0,-15,0,100,2,0,0,180,1.3001,0,0:00:47,1127,2.48
wQWw6oEocNc,अली (र.अ.) के एक ही कार्य ने उन्हें इस्लाम में परिवर्तित कर दिया। #shorts,"Dec 13, 2025",69,78,81.99,61.98,74,1.0541,2,71,47,24,0,0,0,0,5,0,100,1,0,0,136,1.2431,0,0:00:56,793,1.13
sf9Zy-VZPFo,एक ही गुनाह में बार-बार पड़ रहे हैं? याद रखें—अल्लाह की रहमत आपकी गलतियों से बड़ी है। #shorts,"Dec 7, 2025",51,78,102.36,64.29,70,1.1143,3,66,39,27,0,0,0,0,8,0,100,1,0,0,147,1.1508,0,0:00:52,639,1.41
h5TeUgUL-yY,नबी मुहम्मद ﷺ ने हर तरह के सहाबा को कैसे प्रेरित किया? #shorts,"Jan 2, 2026",39,136,71.58,55.83,127,1.0709,3,124,86,38,0,0,0,0,13,0,100,2,0,0,302,1.1061,0,0:00:27,1131,1.59
FpkDK3cQPyU,लिखा हुआ है — इसका मतलब यह नहीं कि मजबूर किया गया है। #shorts,"Dec 17, 2025",60,85,72.45,60.16,78,1.0897,8,70,42,28,0,0,0,0,2,0,100,2,0,0,163,1.049,0,0:00:43,850,0.94
0_FTh1ERzEg,दयालुता के सरल कार्य की शक्ति #shorts,"Dec 12, 2025",58,72,87.43,60.34,68,1.0588,1,66,34,32,0,0,0,0,6,0,100,0,0,0,155,1.0303,0,0:00:50,689,2.03
igaaGYmnBqQ,क़ुरआन पढ़ना शुरू करें — बहाने आज ख़त्म... 🚫👇🏻 #shorts,"Dec 5, 2025",55,80,71.66,61.95,73,1.0959,5,67,43,24,0,0,0,0,8,0,100,5,0,0,147,0.8926,0,0:00:39,899,0.78
 -f8QTvyxlHw,हम ज़मीन से आए हैं — और उसी में लौटकर जाना है। #shorts,"Dec 16, 2025",35,93,95.36,72.95,86,1.0814,0,86,54,32,0,0,0,0,3,0,100,5,0,0,158,0.8734,0,0:00:33,780,0.77
rOqNiiTlfPo,"🌍 क्या आप जानते हैं, दुनिया में हर सेकंड कहीं न कहीं अज़ान दी जा रही होती है? #shorts","Dec 11, 2025",40,89,83.33,50.62,78,1.141,8,71,44,27,0,0,0,0,1,0,100,13,0,0,205,0.8514,0,0:00:33,873,1.72
jGw9DwHOvHo,"आपकी जीभ छोटी है, लेकिन उसपर ज़िम्मेदारी बड़ी है। #shorts","Dec 3, 2025",50,76,79.24,65.12,70,1.0857,18,52,31,21,0,0,0,0,1,0,100,3,0,0,129,0.848,0,0:00:39,561,0.89
XFBY7FDbY9Y,"हमें देखे बिना भी, हज़रत मुहम्मद ﷺ ने हमें अपनी मोहब्बत के घेरे में शामिल किया। ✨ #shorts","Dec 4, 2025",62,65,68.84,62.92,59,1.1017,3,54,34,20,0,0,0,0,-6,0,100,3,0,0,122,0.7825,0,0:00:42,738,0.68
KUSFLoLjeMM,मदीना में जीवन #shorts,"Dec 14, 2025",38,89,79.03,69.05,79,1.1266,1,78,49,29,0,0,0,0,5,0,100,0,0,0,165,0.756,0,0:00:30,763,2.1
eA4kswwsm5k,गलत क़िबला की तरफ़ नमाज़ पढ़ रहे थे? 🤓 🥲 #shorts,"Aug 11, 2025",54,74,65.84,81.11,72,1.0278,1,68,51,17,0,0,2,0,-4,-1,80,0,0,0,115,0.7373,2,0:00:35,339,4.13
Ef7hBpJpM2I,बहादुर सिख महिला की प्रेरणादायक कहानी।  #shorts,"Apr 18, 2025",59,65,65.42,94.03,60,1.0833,1,58,44,14,0,0,1,0,-6,0,100,0,1,0,92,0.6993,1,0:00:38,836,5.26
jI9VnfbvzWE,ये 4 असरदार दुआएं सिर्फ़ सही इंसान को पाने के लिए नहीं हैं — #shorts,"Dec 19, 2025",40,90,62.45,60,85,1.0588,0,84,56,28,0,0,0,0,12,0,100,2,0,0,171,0.6466,0,0:00:24,872,2.52
xUVOX0YtmKE,जमात छूटने का ग़म एक मुसलमान ही समझ सकता है! #shorts,"Jul 6, 2025",23,111,84.81,66.14,104,1.0673,8,89,75,14,0,0,0,0,-360,-7,98.09,0,0,0,213,0.6211,0,0:00:19,1750,4.51
XVcoc8rnjmo,क़ुरआन के नबी बनाम बाईबल के नबी #shorts,"Nov 16, 2025",56,54,71.73,64.29,47,1.1489,0,47,39,8,0,0,1,0,6,0,100,2,0,0,95,0.616,1,0:00:40,1034,0.97
TZMCNGB0QmY,कभी-कभी हमें ऐसा ग़म घेर लेता है जिसका कारण हमें पता भी नहीं होता। #shorts,"Nov 25, 2025",55,52,76.2,68.06,47,1.1064,1,46,26,20,0,0,0,0,10,0,100,1,0,0,94,0.6154,0,0:00:41,511,0.59
j1_4HG0_IQ8,ईश्वर का सुबूत 60 सेकंड में। 🚨 #shorts,"Dec 2, 2025",65,47,67.77,56.41,40,1.175,1,39,25,14,0,0,0,0,2,-1,200,0,0,0,92,0.587,0,0:00:44,573,1.05
xMSUlLWRGvM,"ज़िंदगी की हर चीज़ को 0 मिटा सकता है, अगर आप... #shorts","Oct 5, 2025",71,20,142.13,56.25,17,1.1765,2,15,11,4,0,0,0,0,-3,0,100,0,0,0,45,0.5677,0,0:01:40,210,0
7iuSZ-Y678o,उदासी दूर करने वाली क़ुरआनी आयतें #shorts,"Nov 19, 2025",54,55,66.47,60,36,1.5278,2,34,15,19,0,0,0,0,-9,0,100,2,0,0,89,0.5607,0,0:00:35,583,3.26
OCuEUFz2Vvs,जब नबी ﷺ का ख्याल आया… #shorts,"Dec 23, 2025",23,91,91.97,65,82,1.1098,1,81,49,32,0,0,0,0,3,0,100,0,0,0,194,0.5572,0,0:00:21,810,1.6
OVstgNAPNT4,नाउम्मीदी के बारें में इस्लाम क्या कहता है? #shorts,"Dec 8, 2025",40,66,69.6,55.93,61,1.082,0,60,38,22,0,0,0,0,6,0,100,2,0,0,134,0.5302,0,0:00:27,581,0.69
SMMnXt5W0FM,किस बात ने यक़ीन दिलाया कि इस्लाम सत्य है? #shorts,"May 29, 2025",51,56,64.33,77.46,55,1.0182,0,51,37,14,0,0,0,0,-2,0,100,2,0,0,98,0.5175,0,0:00:32,483,2.07
ZSXn62qAzHA,जब आप सवाल सुने बिना ही जवाब दे दें? 😂 #shorts,"Dec 31, 2025",34,81,59.54,41.97,76,1.0658,0,76,49,27,0,0,0,0,8,0,100,0,0,0,208,0.5051,0,0:00:20,982,0.61
1f18S8HNS6s,cancel,"Dec 20, 2025",46,65,54.86,44.19,61,1.0656,3,58,38,20,0,0,0,0,12,0,100,0,0,0,144,0.489,0,0:00:25,827,1.57
azSiBCOrUJ0,शक्तिशाली दुआ जो आपके तनाव को ख़त्म कर देती है।  #shorts,"Nov 27, 2025",67,39,64.03,59.65,35,1.1143,1,34,20,14,0,0,0,0,0,0,,0,0,0,70,0.4701,0,0:00:42,484,0.62
vutRz73wyJw,अपने उस दोस्त के साथ शेयर करें। 😃 #shorts,"Dec 6, 2025",19,75,113.8,64.35,64,1.1719,0,63,41,22,0,0,0,0,0,0,,0,0,0,176,0.4652,0,0:00:21,540,1.85
xrVoK-BuyI4,#shorts,"Nov 29, 2025",60,44,59.35,70.69,40,1.1,0,40,27,13,0,0,0,0,8,0,100,0,0,0,70,0.4419,0,0:00:35,460,1.3
SeAxzAsW1iI,क्या लोगों के विचार आप पर असर डालते हैं? अफ़सोस। #shorts,"Nov 22, 2025",41,45,84.37,67.21,43,1.0465,1,42,27,15,0,0,0,0,1,0,100,3,0,0,84,0.4406,0,0:00:34,399,3.26
Ea8VrRnvmfE,हम मौत से डरते क्यों हैं — जबकि उसे उसी ने लिखा है जिसने हमारी ज़िंदगी भी लिखी है? ✍️ #shorts,"Nov 30, 2025",60,37,61.45,54.69,33,1.1212,0,33,21,12,0,0,0,0,-2,0,100,8,0,0,76,0.3895,0,0:00:36,575,0.52
2r2riAfmW-k,काबा के पास पूरी उम्मत #shorts,"Dec 24, 2025",17,77,99.33,54.61,76,1.0132,0,76,46,30,0,0,0,0,8,0,100,2,0,0,201,0.3889,0,0:00:16,823,0.85
7DFO1OiH7MQ,"जो आपको नामुमकिन लगता है, वह अल्लाह के लिए कुछ भी नहीं है। #shorts","Nov 28, 2025",47,36,76.28,50.79,33,1.0909,0,33,22,11,0,0,0,0,-4,0,100,3,0,0,76,0.3713,0,0:00:35,561,1.07
51Hn_ZVWjyM,सभी गमों को दूर करने का फार्मूला! #shorts,"Nov 17, 2025",58,37,60.99,68.09,31,1.1935,1,30,18,12,0,0,0,0,4,0,100,0,0,0,57,0.3707,0,0:00:35,406,0.74
0KqSMbtDKqg,फ़ज़र के बाद #shorts,"Dec 10, 2025",16,79,93.61,69.3,72,1.0972,0,71,45,26,0,0,0,0,4,0,100,0,0,0,171,0.3425,0,0:00:14,595,1.51
L6ijbVokLPk,आपके द्वारा बोला गया हर शब्द दुआ है! #shorts,"Oct 28, 2025",54,35,61.99,52.27,33,1.0606,8,25,12,13,0,0,0,0,-6,0,100,0,0,0,60,0.3356,0,0:00:33,445,0.67
vURH0bi9lXo,मुश्किल में हैं? हज़रत मुहम्मद ﷺ को याद करें #shorts,"Oct 26, 2025",48,22,102.2,56.25,19,1.1579,2,16,7,9,0,0,0,0,-3,0,100,2,0,0,45,0.3041,0,0:00:49,301,1
BO7jTbBcH0E,अलग-अलग परिस्थितियों में हमारी नमाज़ें! #shorts,"Jul 7, 2025",27,42,91.98,62.07,39,1.0769,0,35,26,9,0,0,1,0,-3,0,100,1,1,0,84,0.3014,1,0:00:24,414,0.72
zw0zLmWxmZ4,क्या आपको डर है कि एक दिन आप ज़िंदा नहीं रहेंगे? #shorts,"Nov 10, 2025",50,25,83.44,42,21,1.1905,1,19,13,6,0,0,0,0,-7,0,100,0,0,0,68,0.3002,0,0:00:41,365,1.1
G8neKyTt9hE,क्या रोनाल्डो मुसलमान बनने वाला है? #shorts,"Nov 24, 2025",47,27,81.58,55.1,27,1,0,27,18,9,0,0,0,0,-6,0,100,1,0,0,59,0.2965,0,0:00:38,450,0
HFO0ugK2Oc8,ईमान बढ़ाने और गुनाहों से बचने के लिए 3 ज़रूरी आदतें! #shorts,"Mar 3, 2025",80,14,93.46,73.68,13,1.0769,2,9,5,4,0,0,0,0,2,0,100,1,0,0,25,0.2929,0,0:01:14,177,6.21
qxnmRBOIDoI,आप आख़िरत को कैसे साबित करेंगे? #shorts,"Nov 13, 2025",75,27,50.25,57.45,20,1.35,0,20,11,9,0,0,0,0,0,0,,0,1,0,53,0.2924,0,0:00:37,380,1.84
1FwGV628kZU,तनाव और बेचैनी के लिए 3 असरदार दुआएँ 🕊️ #shorts,"Oct 31, 2025",29,27,131.03,67.57,19,1.4211,0,19,9,10,0,0,1,0,-4,0,100,2,0,0,54,0.2898,1,0:00:37,350,0.57
gYm37mRZFyo,कल ऐसा कभी न आए जब नमाज़ बाकी रह जाए... ⌛ #shorts,"Dec 1, 2025",23,56,76.08,60.92,50,1.12,4,46,31,15,0,0,0,0,3,0,100,12,0,0,104,0.2889,0,0:00:17,481,1.04
s42WsshPd1M,ठहरिये! निराश मत होइए। अल्लाह आपके साथ है। #shorts,"Oct 19, 2025",45,28,75.67,65.12,23,1.2174,1,21,17,4,0,0,1,0,3,0,100,0,0,0,52,0.2716,1,0:00:34,322,1.55
C3iwt77QPm0,"सोचिए, क़यामत के दिन आप खड़े हों — और नमाज़ छोड़ने का कोई जवाब ही न हो?? #shorts","Sep 17, 2025",52,32,56.93,86.67,30,1.0667,2,27,18,9,0,0,0,0,-15,0,100,0,0,0,43,0.2659,0,0:00:29,308,0.97
2MvAJmIaZ4Y,मज़ेदार गुब्बारा चैलेंज गेम। #shorts,"Dec 21, 2025",31,39,64.8,30,34,1.1471,0,34,24,10,0,0,0,0,6,0,100,2,0,0,150,0.2553,0,0:00:20,717,0.7
wHobuysuyGU,आपका पसंदीदा टाइप कौन सा है? 😂😂 #shorts,"Dec 15, 2025",13,58,108.52,56.44,58,1,0,58,37,21,0,0,0,0,5,0,100,0,0,0,145,0.2471,0,0:00:14,658,0.15
CfpRV2acFAc,5 चीज़ें जो आपको कामयाबी के लिए ज़रूरी हैं #shorts,"Dec 18, 2025",6,91,142.35,57.52,84,1.0833,0,84,53,31,0,0,0,0,9,0,100,2,0,0,266,0.2459,0,0:00:08,714,0.98
Eq0qJdnGCDM,🧐 लोग आखिरत पर विश्वास करने में कठिनाई क्यों महसूस करते हैं? #shorts,"Oct 22, 2025",51,23,74.21,60.61,18,1.2778,1,17,12,5,0,0,0,0,-5,0,100,0,0,0,41,0.2451,0,0:00:37,331,1.21
UXC74UY8gVY,क़ुरआन की सटीक संरचना को जानें #shorts,"Nov 9, 2025",77,15,72.15,32.5,14,1.0714,0,14,7,7,0,0,0,0,-3,0,100,0,0,0,48,0.244,0,0:00:55,351,0.85
z24zPE40AHU,"आप हमेशा वह नहीं पाते जो आप चाहते हैं, लेकिन आप हमेशा वह पाते हैं जिसकी आपको ज़रूरत है। #shorts","Nov 1, 2025",47,24,72.69,61.11,19,1.2632,1,18,11,7,0,0,0,0,-6,0,100,0,0,0,40,0.233,0,0:00:34,291,0.34
3qVhzj1Hu6E,क्या हम इस दुनिया में हमेशा रहेंगे? #shorts,"Oct 11, 2025",47,25,67.32,69.44,22,1.1364,0,22,17,5,0,0,0,0,0,0,,0,0,0,45,0.2263,0,0:00:31,192,4.17
u2HXrOi93z8,लोग इस्लाम के बारे में क्या कहते हैं बनाम यह वास्तव में क्या सिखाता है #shorts,"Oct 27, 2025",23,35,90.99,65.96,25,1.4,0,25,17,8,0,0,0,0,-8,0,100,6,0,0,69,0.2118,0,0:00:20,376,1.86
8flHOAsIuS8,क्या अल्लाह अब भी मुझे मुआफ़ करेगा? #shorts,"Oct 23, 2025",32,23,100.83,66.67,19,1.2105,0,19,12,7,0,0,0,0,1,0,100,1,0,0,46,0.2101,0,0:00:32,286,3.15
73EdxfwiiQ4,"जब नमाज़ को प्यार और कोमलता के साथ पेश किया जाता है, तो यह आदत से भी बड़ी चीज़ हो जाती है… #shorts","Aug 30, 2025",50,22,61.84,57.69,22,1,4,17,12,5,0,0,0,0,-16,0,100,0,0,0,37,0.1931,0,0:00:30,243,0.41
THdY296lZ7Y,मधुमक्खियों में भी पाएँ अल्लाह की झलक! #shorts,"Dec 3, 2024",45,19,78.6,82.61,17,1.1176,0,17,11,6,0,0,0,0,4,0,100,1,0,0,25,0.1902,0,0:00:35,98,14.29
Imw2X7SthPI,POV: नमाज़ की नकल करने से बचने के लिए धीरे-धीरे प्रार्थना करना #shorts,"Nov 14, 2025",24,34,79.96,51.02,27,1.2593,0,27,15,12,0,0,0,0,-2,0,100,0,0,0,66,0.1892,0,0:00:19,461,3.04
o3_xn1FIDz8,"इन शब्दों को याद कर लीजिए, इंशा अल्लाह आपको इसका सवाब मिलेगा! #shorts","Aug 13, 2025",31,26,81.1,60,19,1.3684,4,15,8,7,0,0,0,0,-11,0,100,0,0,0,49,0.1869,0,0:00:25,321,1.87
IuS4ZDoC7QM,तीन किताबें जो हर मुसलमान को पढ़नी चाहिए। #shorts,"Aug 16, 2025",58,25,44.89,65.63,20,1.25,4,16,10,6,0,0,1,0,-16,0,100,0,0,0,40,0.1848,1,0:00:26,289,1.73
Mb1_LtdxInI,ये दुनिया चंद साल या चंद लम्हों की है — बस एक सफ़र। #shorts,"Nov 21, 2025",60,24,41.25,32.26,23,1.0435,1,22,12,10,0,0,0,0,-3,0,100,0,0,0,69,0.1836,0,0:00:24,481,0.62
eyjXQQYNSWc,तकिया वाला मजेदार क्विज़ गेम  #shorts,"Nov 23, 2025",65,18,52.24,38.3,17,1.0588,0,17,13,4,0,0,0,0,1,0,100,0,0,0,45,0.1798,0,0:00:33,443,0
VQzK7hi-bQo,वुज़ू में पानी बर्बाद कर रहे हैं? 💦 #shorts,"Sep 1, 2025",19,30,109.07,75,28,1.0714,0,27,22,5,0,0,0,0,-1,0,100,0,0,0,74,0.1763,0,0:00:20,251,0.8
6tKd58bLBKU,सफबन्दी कैसे करें! #shorts,"May 22, 2025",16,31,125.07,77.78,28,1.1071,0,27,20,7,0,0,1,0,-1,0,100,0,0,0,67,0.1757,1,0:00:20,349,1.72
bjEOaUcZUMI,एक दिन... आप इस दुनिया से चले जाएंगे। इस बात का ख्याल रखें कि आपके अमल बाकी रहें। 🌿 #shorts,"Sep 30, 2025",67,22,41.38,65.63,19,1.1579,0,19,12,7,0,0,0,0,-2,0,100,0,0,0,36,0.1751,0,0:00:27,233,3
NQQEfld_8GI,क्या आप मौत से डरते है? #shorts,"Aug 3, 2025",63,13,74.24,50,8,1.625,0,7,5,2,0,0,0,0,-3,0,100,0,0,0,31,0.1728,0,0:00:46,228,0.88
rYutkdrEpy8,जब सब कुछ बिखर जाए तो अल्लाह पर विश्वास कैसे करें? /अल्लाह हमेशा वह क्यों नहीं देता जो आप चाहते हैं?,"Oct 17, 2025",43,15,91.99,46.88,12,1.25,0,12,8,4,0,0,0,0,-1,0,100,2,0,0,38,0.1713,0,0:00:39,241,0.83
kLWx0YBelWE,आपने देखा कि अब आपकी #shorts,"Nov 26, 2025",15,40,94.55,67.24,37,1.0811,1,36,25,11,0,0,0,0,-1,0,100,0,0,0,82,0.1672,0,0:00:14,417,1.44
NO4lvN7m-rM,आप रिलेट कर पा रहे है? क्या आपके मस्जिद में भी कोई चाचा ऐसे ही नमाज़ पढ़ते हैं? 😅 #shorts,"Oct 20, 2025",10,47,118.01,82.46,41,1.1463,0,40,26,14,0,0,0,0,-2,0,100,0,0,0,99,0.1592,0,0:00:11,287,1.39
1wLQWxCjrGo,आप अल्लाह से कुछ भी माँग सकते है! #shorts,"Aug 4, 2025",47,18,64.93,56,17,1.0588,2,15,9,6,0,0,0,0,-15,0,100,0,0,0,35,0.1572,0,0:00:30,219,2.28
MRBIZbesA04,"जैसा बोओगे, वैसा काटोगे! जैसी करनी, वैसी भरनी! #shorts","Jul 28, 2025",57,10,97.49,71.43,10,1,0,9,5,4,0,0,0,0,-5,0,100,1,0,0,18,0.1569,0,0:00:55,156,0
PJ0ZHTnGiTk,क़ुरआन — एक ऐसा दिव्य ग्रंथ जो कभी पुराना नहीं होता #shorts,"Sep 19, 2025",71,13,60.13,59.09,9,1.4444,0,9,7,2,0,0,0,0,-3,0,100,2,0,0,26,0.1563,0,0:00:42,192,1.04
vB4vkZ7CWfU,नमाज़ में लगातार संघर्ष कर रहे हैं? हल सिर्फ़ 1 मिनट में #shorts,"Sep 28, 2025",61,16,56.05,57.14,14,1.1429,0,13,6,7,0,0,0,0,-2,0,100,0,1,0,27,0.1553,0,0:00:34,235,0.43
M3vGnX4kO8g,नमाज़ हो जाएगी आसान यदि जानेंगे ये दो खुशखबरियाँ! #shorts #indian #indianmuslim,"Dec 18, 2024",59,20,46.43,75,19,1.0526,5,14,9,5,0,0,2,0,2,0,100,0,0,0,24,0.1526,2,0:00:27,85,0
HqHttpbc2Vo,"जब आप मरेंगे, तो दुनिया रुकेगी नहीं—यह आपके बिना आगे बढ़ती रहेगी। आप हमेशा याद नहीं रहेंगे। #shorts","Oct 29, 2025",28,24,79.08,67.74,21,1.1429,0,21,11,10,0,0,0,0,-3,0,100,0,0,0,42,0.1511,0,0:00:22,347,0.58
0LituEMr5EE,नास्तिकता को गलत सिद्ध करना सीखें। #atheism #islam #Allah,"Mar 27, 2025",40,12,112.94,92.31,10,1.2,3,6,5,1,0,0,0,0,3,0,100,0,0,0,24,0.1509,0,0:00:45,199,5.03
IoVUY4vbROg,#shorts,"Oct 15, 2025",59,16,55.12,75,14,1.1429,0,14,9,5,0,0,0,0,0,0,,0,0,0,25,0.147,0,0:00:32,215,0.47
DW9kXKToEao,क्या आप $1000 के लिए फ़ज्र की नमाज़ नहीं पढ़ेंगे? #shorts,"Oct 21, 2025",48,13,81.92,59.09,10,1.3,0,10,5,5,0,0,0,0,0,0,,1,0,0,26,0.1461,0,0:00:39,222,0
WebL0d9Ih5k,इस्लाम के बारे में कैसे जानें? #shorts,"Jul 26, 2025",61,16,52.87,76.19,15,1.0667,5,10,8,2,0,0,0,0,-1,0,100,0,0,0,24,0.1455,0,0:00:32,225,3.11
Po-D5PjglhM,4300 धर्मों में से इस्लाम ही क्यों? डेकार्ट की उत्कृष्ट तकनीक #shorts,"May 1, 2025",59,12,72.02,80,11,1.0909,0,11,9,2,0,0,0,0,4,0,100,0,0,0,20,0.1431,0,0:00:42,164,5.49
 -XdUb8dBYN8,किसी ऐसे दोस्त के साथ शेयर करें। 😂  #shorts,"Aug 29, 2025",21,29,81.54,70.73,26,1.1154,0,25,20,5,0,0,0,0,-2,0,100,0,0,0,59,0.1421,0,0:00:17,235,0.43
1Re00FR9I1I,क्या आप अंदाज़ा लगा सकते है तिलावत कौन कर रहा है? #shorts,"Oct 30, 2025",35,16,79.49,41.03,14,1.1429,0,13,9,4,0,0,0,0,-13,0,100,0,1,0,46,0.1325,0,0:00:27,357,0.84
yp2pgLqKIY0,"युद्ध खत्म हो गया है, लेकिन बॉयकॉट नहीं। #shorts","Oct 10, 2025",20,21,101.74,44.68,20,1.05,0,19,12,7,0,0,0,0,-5,0,100,0,0,0,62,0.131,0,0:00:20,271,1.48
zVxlnbKrmBU,आयत अल कुर्सी कीशक्तिशाली  सुरक्षा   #shorts,"Nov 3, 2025",10,23,182.9,54.76,19,1.2105,1,19,12,7,0,0,0,0,-2,0,100,0,0,0,71,0.1243,0,0:00:18,263,1.9
oG3I0johSvQ,क्या क़ुरआन सिर्फ़ क़ानून की बातें करता है? 📖 #shorts,"Sep 24, 2025",43,18,54.38,55.17,16,1.125,2,14,10,4,0,0,0,0,-3,0,100,0,0,0,32,0.123,0,0:00:23,219,0.91
CyShh9igZBk,जिसके दिल में दाने बराबर भी ईमान हो... #shorts,"Jun 7, 2025",46,18,53.34,92.31,16,1.125,5,11,7,4,0,0,0,0,-7,0,100,0,0,0,24,0.1229,0,0:00:24,127,3.15
 -RTRDFQvR1A,ऐसा किसने किसने अनुभव किया है?🖐️🥲 #shorts,"Aug 19, 2025",14,23,130.53,58.62,20,1.15,0,19,14,5,0,0,0,0,-6,0,100,0,0,0,57,0.1226,0,0:00:18,249,2.81
Cgdh6lJP8co,आप अपने आमाल के सिवा हर चीज़ छोड़कर जाने वाले हैं। #shorts,"Oct 25, 2025",51,15,54.37,48.28,12,1.25,0,11,5,6,0,0,0,0,-2,0,100,0,0,0,32,0.1223,0,0:00:27,251,1.2
9A3ykZSSsCQ,क़ुरआन — एक ऐसा दिव्य ग्रंथ जो कभी पुराना नहीं होता #shorts,"Aug 25, 2025",71,14,43.33,58.33,11,1.2727,1,10,9,1,0,0,0,0,-3,0,100,0,0,0,27,0.1222,0,0:00:30,385,2.6
dz_VlBMERFg,वसवसों के 2 अहम पहलू! #whispering #waswasa,"Mar 21, 2025",59,10,73.02,90,6,1.6667,0,6,5,1,0,0,0,0,1,0,100,0,0,0,15,0.1205,0,0:00:43,177,3.95
LSjgjqeYC-w,नोट: यह सामग्री AI द्वारा Generate की गई है। #shorts,"Oct 3, 2025",8,37,118.14,48,34,1.0882,0,30,23,7,0,0,0,0,-9,0,100,0,0,0,105,0.1145,0,0:00:09,484,0.83
sP5WUDMI0dA,नमाज़ पढ़ते समय का एहसास #shorts,"Nov 18, 2025",9,39,108.53,66.1,35,1.1143,0,35,26,9,0,0,0,0,-1,-1,50,2,0,0,84,0.1121,0,0:00:09,371,2.43
KzPmuiDegsw,आपको मुसलमान बनने के लिए किस बात ने प्रेरित किया? #shorts,"May 5, 2025",48,9,87.64,50,9,1,0,9,7,2,0,0,0,0,-3,0,100,0,0,0,22,0.1085,0,0:00:42,135,1.48
UC2adK6HYNY,इस दुनिया में हमारी माँ जैसी कोई नहीं है। #shorts,"Oct 14, 2025",37,14,73.08,70,12,1.1667,0,12,8,4,0,0,0,0,2,0,100,0,0,0,25,0.107,0,0:00:27,203,0
gYEN20ChL0g,"हर बात के लिए अल्लाह पर यक़ीन रखें, चाहे कुछ भी हो! #shorts","Oct 12, 2025",26,21,68.79,80.77,17,1.2353,0,17,14,3,0,0,0,0,1,0,100,0,0,0,32,0.1069,0,0:00:17,197,0.51
IrGWjSjM6wI,क़यामत के दिन जब हर जान पर खौफ़ तारी होगा... उस वक़्त आप किसके साथ खड़े होंगे? #shorts,"Sep 7, 2025",56,10,64.7,56.25,9,1.1111,0,9,7,2,0,0,0,0,-1,0,100,0,0,0,20,0.1038,0,0:00:36,229,0.87
9cJ4gbab6dM,किसको ज़्यादा तकिये लगने चाहिए?😅 #shorts,"Nov 4, 2025",60,9,62.52,28.13,9,1,0,9,7,2,0,0,0,0,-1,0,100,0,0,0,32,0.0997,0,0:00:37,257,0
ajQys27EOGw,नबी ﷺ की वो सुन्नत जो आपको जन्नत में एक घर की गारंटी देती है।  #shorts,"Nov 12, 2025",16,24,87.6,61.54,21,1.1429,0,21,11,10,0,0,0,0,-3,-1,75,0,0,0,47,0.0982,0,0:00:14,326,0
0XA8j0zPZ_M,cancel,"Nov 20, 2025",67,7,73.99,66.67,6,1.1667,0,6,3,3,0,0,0,0,-4,0,100,1,0,0,10,0.0973,0,0:00:49,64,1.56
Ea4IrHL_gXY,मुसलमान बनने के बाद लोगों की आपके टैटू पर क्या प्रतिक्रिया रही? #shorts,"May 3, 2025",23,13,107.7,76.47,13,1,0,12,10,2,0,0,0,0,-3,0,100,0,0,0,28,0.0912,0,0:00:24,128,2.34
 -GZzXNxq4k8,इस्लामी fun game – सुने बगैर खेलें 🎉 #shorts,"Nov 11, 2025",35,14,59.39,35,13,1.0769,1,12,9,3,0,0,0,0,0,0,,0,0,0,38,0.0895,0,0:00:20,354,0.56
hUuCzvZbvNI,नमाज़ छूटने का वो एहसास... 😭 #shorts,"Aug 23, 2025",16,19,102.53,65.38,18,1.0556,0,17,14,3,0,0,0,0,-4,0,100,0,0,0,35,0.0893,0,0:00:16,155,1.29
D8iBMxLWXdY,"दुनिया में हर चीज़ के नाम बदल सकते हैं, लेकिन जहन्नम की आग कभी नहीं बदलेगी! 🔥 #shorts","Sep 2, 2025",20,18,83.83,73.91,14,1.2857,0,14,11,3,0,0,0,0,-3,0,100,2,0,0,32,0.088,0,0:00:16,183,2.73
J02ONyvJdQQ,नमाज़ से संबंधित आज़माइश!  #shorts,"Jul 2, 2025",69,5,90.75,66.67,5,1,1,4,4,0,0,0,0,0,1,0,100,0,0,0,6,0.0878,0,0:01:02,114,0.88
 -CFw9_YDpbg,जानमाज़ को फोल्ड करने की 3 विधियां #shorts,"Sep 18, 2025",29,13,80.5,61.11,12,1.0833,1,11,9,2,0,0,0,0,1,0,100,0,0,0,22,0.0872,0,0:00:23,144,0.69
I8g5OdxnyCk,जब आपने कलमा पढ़ा तो कैसा महसूस हुआ? हमें उन क्षणों में ले कर जा सकते हैं? #shorts,"Apr 30, 2025",57,5,109.35,71.43,5,1,0,5,3,2,0,0,0,0,-3,0,100,0,0,0,12,0.0872,0,0:01:02,74,4.05
W7b5yCxOWTk,हर मस्जिद में ऐसे कुछ बड़े लोग होते है 😂 #shorts,"Sep 26, 2025",19,15,102.6,58.33,15,1,0,15,12,3,0,0,0,0,-3,0,100,0,0,0,34,0.0871,0,0:00:19,197,1.02
4b7aYWTTNpI,क्या आपने कभी सोचा है कि दर्द हमें अल्लाह के और करीब क्यों लाता है? #shorts,"Sep 3, 2025",41,10,73.63,56.25,7,1.4286,0,7,6,1,0,0,0,0,-3,0,100,0,0,0,21,0.0869,0,0:00:30,183,0.55
G4o3a3ugzr0,शैतान की चालों से सावधान रहें! #shorts,"Mar 11, 2025",57,7,74.5,85.71,5,1.4,1,4,1,3,0,0,0,0,0,0,,1,0,0,9,0.0827,0,0:00:42,90,4.44
3Xd43craEPI,एक दिन कोई मगरिब की अज़ान नहीं होगी… 🤲🌅 #shorts,"Apr 4, 2025",68,5,85.98,71.43,5,1,0,5,5,0,0,0,0,0,1,0,100,0,0,0,9,0.0822,0,0:00:58,79,1.27
MxhY1cQy1os,#shorts,"Sep 22, 2025",46,13,45.86,61.9,9,1.4444,0,9,8,1,0,0,0,0,0,0,,1,0,0,24,0.0788,0,0:00:21,157,0
Q79fqWDTm84,नमाज़ में मुश्किल हो रही है? समाधान! #shorts,"Jul 20, 2025",45,8,75.53,85.71,7,1.1429,1,6,5,1,0,0,0,0,-4,0,100,0,0,0,9,0.0755,0,0:00:33,113,0.88
Glh94wYQHQ4,मौत अटल है... क्या हम तैयार हैं? 📖💭#DeathIsCertain #prepareforakhirah  #reminder  #islamicreminders,"Mar 10, 2025",29,8,114.98,66.67,5,1.6,0,5,4,1,0,0,0,0,1,0,100,1,0,0,17,0.0751,0,0:00:33,95,3.16
XWBXR3TVUMk,#shorts,"Nov 2, 2025",38,7,89.51,20.59,6,1.1667,0,7,5,2,0,0,0,0,-5,0,100,0,0,0,33,0.075,0,0:00:34,260,0
ymBCBum8Jlw,क़ुरआन : रूहों को ताक़त देने वाला बेहतरीन चार्जर  #shorts,"Nov 6, 2025",12,16,122.05,38.1,15,1.0667,0,15,10,5,0,0,0,0,-1,0,100,2,0,0,53,0.0744,0,0:00:14,252,0.4
bxgzq61lqyw,क्या बाइबल में आखिरी नबी (स०अ०व०) के आने की खबर दी गई है? #shorts,"May 27, 2025",56,7,65.66,53.85,7,1,1,6,4,2,0,0,0,0,-4,0,100,0,0,0,15,0.0741,0,0:00:36,127,0.79
W8KnD_58DPY,ईमान वालों के लिए अल्लाह की चेतावनी! #shorts,"Jul 5, 2025",44,9,66.69,75,7,1.2857,0,4,3,1,0,0,0,0,0,0,,1,0,0,11,0.0741,0,0:00:29,179,2.79
I01ZURRCI6M,क्या आपने कभी सोचा है कि अकेलापन कभी-कभी गुप्त नेअमत क्यों महसूस होता है? #shorts,"Sep 13, 2025",40,9,68.75,64.29,7,1.2857,0,7,5,2,0,0,0,0,0,0,,0,0,0,17,0.0711,0,0:00:27,162,0
Vv5216bs81k,क्या बिना हिजाब के औरत की नमाज़ क़बूल होती है? 🧕🏻 #shorts,"Sep 20, 2025",41,12,47.66,61.11,10,1.2,0,10,9,1,0,0,0,0,0,0,,0,0,0,19,0.0684,0,0:00:19,152,0
Y-A6zv7lrMY,"अपने गुनाहों से तौबा कीजिए, अल्लाह मुआफ़ करने वाला है! #shorts","Aug 1, 2025",62,12,32.51,84.62,10,1.2,0,10,5,5,0,0,0,0,-4,0,100,0,0,0,15,0.0681,0,0:00:20,178,3.37
nW6E7zJUWVo,बस मुसलमान ही समझ सकते है! #shorts,"Jun 16, 2025",23,9,99.76,20.59,9,1,0,9,6,3,0,0,0,0,-2,0,100,0,0,0,43,0.0678,0,0:00:22,231,1.3
vaq-mKWICzc,इमाम अबू हनीफ़ा अपने सपने से क्यों चकित हो गए? |  #shorts,"May 10, 2025",61,7,55.34,63.64,7,1,0,6,3,3,0,0,0,0,-11,0,100,0,0,0,12,0.0673,0,0:00:33,107,0
47PEt-gZK7s,रमज़ान में ग़ुस्सा? ये 3 सुन्नत तरीके अपनाएं! #shorts,"Apr 8, 2025",42,7,79.82,87.5,4,1.75,0,4,4,0,0,0,0,0,0,0,,0,0,0,12,0.066,0,0:00:33,58,1.72
PX2jUxmiNkA,"मौत के बाद भी नेकियाँ कमाने के 4 आसान तरीके!  🕌✨📖#SadaqahJariyah 🕌, #IslamicReminders ✨, #GoodDeeds","Mar 17, 2025",32,8,87.77,72.73,6,1.3333,1,5,3,2,0,0,0,0,1,0,100,0,0,0,13,0.0647,0,0:00:28,182,2.2
CwpMdN8d360,"देखिए, क्या आप गुब्बारा। फोड़ने से पहले सही जवाब का अनुमान लगा सकते है? 😅 #shorts","Nov 8, 2025",32,10,58.16,24.39,10,1,0,10,7,3,0,0,0,0,0,0,,0,0,0,41,0.0631,0,0:00:18,266,0.75
 -tUaeayDp6c,नौमान अली ख़ान का जीवन का सबसे अच्छा फ़ैसला क्या था? #shorts,"Sep 6, 2025",32,11,61.31,61.11,10,1.1,0,10,8,2,0,0,0,0,-4,0,100,0,0,0,22,0.0629,0,0:00:19,156,3.21
UMcGjFYuoQU,इस्लाम में महिलाओं का स्थान!  #shorts,"May 13, 2025",55,8,50.32,72.73,7,1.1429,0,7,4,3,0,0,0,0,-1,0,100,0,0,0,14,0.0625,0,0:00:27,116,1.72
xAXZO81Ji74,एक बूढ़ा आदमी क़ुरान पढता था... #indianmuslim #indian #shorts,"Dec 24, 2024",54,4,102.55,100,4,1,0,4,2,2,0,0,0,0,0,0,,0,0,0,8,0.0615,0,0:00:55,52,0
nsZmjHAV6eo,नमाज़ के लिए एक नई सुरह याद करना #shorts,"Sep 21, 2025",10,20,102.68,64.29,19,1.0526,0,18,14,4,0,0,0,0,0,0,,0,0,0,44,0.0614,0,0:00:10,195,1.54
HDVngYFgnrg,नमाज़ के दौरान फ़ोन कॉल को निरस्त करने की कोशिश/जद्दोजहद #shorts,"Oct 9, 2025",10,19,106.12,56.25,19,1,2,17,12,5,0,0,0,0,2,0,100,0,0,0,49,0.0614,0,0:00:10,194,1.55
8ZCh3pm2EZI,क्या ज़िंदगी ख़त्म होते ही सब कुछ ख़त्म हो जाता है? 💔 #shorts,"Aug 24, 2025",67,7,44.26,50,6,1.1667,0,6,2,4,0,0,0,0,-5,0,100,0,0,0,14,0.0611,0,0:00:29,150,2.67
w7jm2WZj36o,बहादुर सिख महिला की प्रेरणादायक कहानी। #shorts,"Apr 29, 2025",58,7,53.55,77.78,7,1,0,6,4,2,0,0,0,0,0,0,,0,0,0,11,0.0607,0,0:00:31,113,1.77
l3OdIsFEEnk,बहादुर सिख महिला की प्रेरणादायक कहानी।  #shorts,"May 6, 2025",62,5,68.42,100,4,1.25,0,4,4,0,0,0,0,0,-1,0,100,0,0,0,8,0.0589,0,0:00:42,68,2.94
8Desjlm6gew,इस्लामिक क्विज़ विद पूल ड्रॉप पेनल्टी #shorts,"Sep 4, 2025",32,10,59.19,40,7,1.4286,1,5,4,1,0,0,0,0,-4,0,100,0,0,0,27,0.0577,0,0:00:18,165,1.21
q5bOdrgDOgs,जुआ एक बुरी लत है।  #shorts,"May 20, 2025",34,6,99.26,66.67,5,1.2,3,2,2,0,0,0,0,0,1,0,100,2,0,0,13,0.0573,0,0:00:33,96,2.08
DEPmC7PNF6M,चाहते हैं कि आपकी दुआ आसमान तक पहुँचे? #shorts,"Sep 5, 2025",45,7,60.13,38.89,5,1.4,0,5,5,0,0,0,0,0,-1,0,100,0,0,0,16,0.0566,0,0:00:27,161,1.86
9U9-V7zwdJc,💔 क्या आप जिंदगी के इम्तिहान से तंग आ चुके हैं? #shorts,"Aug 10, 2025",24,9,91.94,61.54,8,1.125,0,7,6,1,0,0,0,0,-4,0,100,2,0,0,18,0.0564,0,0:00:22,125,0
5lXhtJItpOY,इस्लाम में महिलाओं को विरासत में एक हिस्सा और पुरुषों को दो हिस्से क्यों मिलते हैं? #shorts #indian,"Dec 14, 2024",57,5,69.89,100,4,1.25,0,4,2,2,0,0,0,0,0,0,,0,0,0,8,0.0553,0,0:00:39,87,0
0AE1nt3NvEY,💔 क्या आप जिंदगी के इम्तिहान से तंग आ चुके हैं? #shorts,"Oct 16, 2025",24,10,74.13,40,10,1,0,10,9,1,0,0,0,0,-1,0,100,0,0,0,26,0.0549,0,0:00:17,207,0.48
sJPUdtw7KZ0,नमाज़ हर मुसलमान पर फर्ज़ है।  #shorts,"May 23, 2025",51,4,95.34,50,3,1.3333,0,3,3,0,0,0,0,0,-3,0,100,0,0,0,5,0.0546,0,0:00:48,83,0
2XFZXRH8anw,#shorts,"Oct 18, 2025",15,16,67.23,48.15,14,1.1429,0,14,8,6,0,0,0,0,-3,0,100,0,0,0,31,0.0517,0,0:00:10,206,0.97
ux2-EeGV-PQ,नमाज़ में जल्दबाज़ी नहीं करनी चाहिए! #shorts,"Apr 20, 2025",34,5,107.82,75,5,1,0,5,5,0,0,0,0,0,-1,0,100,0,0,0,6,0.0511,0,0:00:36,71,4.23
w-Jpv1GUMgk,पहली नमाज़ पढ़ने पर कैसा लगा? #shorts,"Jan 16, 2025",27,7,97.32,100,6,1.1667,0,6,5,1,0,0,0,0,4,0,100,0,2,0,10,0.0511,0,0:00:26,59,3.39
Bb61boIUSIM,जब चाँद के हो गए थे दो टुकड़े! #shorts #hindi #reels,"Dec 6, 2024",51,5,67.78,45.45,5,1,0,5,2,3,0,0,0,0,0,0,,1,0,0,15,0.0495,0,0:00:34,49,0
NgQF5bjUAe8,इस्लाम की अच्छाइयाँ! #shorts,"Jun 3, 2025",56,4,78.48,60,4,1,0,4,2,2,0,0,0,0,-2,0,100,0,0,0,8,0.0491,0,0:00:43,75,2.67
GB1-83A057I,बहादुर सिख महिला की प्रेरणादायक कहानी। #shorts,"May 2, 2025",62,3,90.05,50,3,1,0,3,3,0,0,0,0,0,-4,0,100,0,0,0,8,0.0474,0,0:00:55,75,1.33
gID3OonMOxY,परमाणुओं में भी मिलेगा अल्लाह का प्रमाण! #reels #hindi,"Dec 5, 2024",58,7,37.5,46.67,7,1,0,7,4,3,0,0,0,0,-1,0,100,1,0,0,18,0.0471,0,0:00:21,96,2.08
VzjD3NBiEJg,"इब्न सिना का प्रसिद्द ""लैम्ब एक्सपेरिमेंट""! #shorts #indian #indianmuslim","Dec 10, 2024",61,5,51.4,45.45,5,1,0,5,4,1,0,0,0,0,1,0,100,1,0,0,12,0.0471,0,0:00:31,90,0
UhC96okqviI,एक मच्छर 🦟 हर बार आपकी नस को बिलकुल सही ढंग से ढूँढ लेता है—आख़िर कैसे?? #shorts,"Sep 10, 2025",89,6,29.76,40,5,1.2,0,5,5,0,0,0,0,0,-1,0,100,0,0,0,15,0.0469,0,0:00:26,175,1.14
tta7pXhYF1k,अंदाज़ा लगाइए कौन है जो स्विमिंग पूल में जाएगा?😅 #shorts,"Sep 23, 2025",38,7,56.99,26.09,6,1.1667,0,6,3,3,0,0,0,0,-1,0,100,0,0,0,26,0.0466,0,0:00:21,160,0.63
LqQZ69OKcb4,वुज़ू में पानी बर्बाद कर रहे हैं? 💦 #shorts,"Aug 6, 2025",19,6,120.25,22.22,6,1,0,6,3,3,0,0,0,0,-2,0,100,0,0,0,37,0.0464,0,0:00:22,190,0.53
bHfqoAOPXok,इमाम का चुनाव #shorts,"Oct 13, 2025",30,8,60.38,30.77,8,1,0,8,6,2,0,0,0,0,1,0,100,0,0,0,27,0.0459,0,0:00:18,199,1.01
eMrXW4O9TOA,मरने के बाद की ज़िन्दगी की कशमकश।   #shorts,"Feb 5, 2025",57,3,96.47,100,3,1,0,3,2,1,0,0,0,0,1,0,100,0,0,0,5,0.0458,0,0:00:54,62,0
ad49GOrak94,हमारे नबी  (ﷺ) का चेहरा कैसा था? #shorts,"Apr 5, 2025",40,6,68.63,100,5,1.2,1,4,4,0,0,0,0,0,0,0,,0,0,0,7,0.0458,0,0:00:27,68,1.47
TKDRnP0bTXQ,यदि आपको पता होता कि आपकी दुआ क़ुबूल हो जाएगी तो आप आप क्या मांगते? #shorts,"Apr 10, 2025",38,2,215,100,2,1,0,2,2,0,0,0,0,0,-1,0,100,2,0,0,6,0.0454,0,0:01:21,64,3.13
Bp_NDI_Yexs,"जानिए, जन्नत कैसी होगी! #shorts","Apr 7, 2025",52,3,101.21,50,3,1,0,3,3,0,0,0,0,0,1,0,100,0,0,0,9,0.0448,0,0:00:52,64,1.56
D6VJi79f43w,एक दिन... आप इस दुनिया से चले जाएंगे।लेकिन यह सुनिश्चित करें कि आपके अमल बाक़ी रहें। 🌿 #shorts,"Aug 27, 2025",67,4,54.7,33.33,4,1,0,4,2,2,0,0,0,0,2,0,100,0,0,0,15,0.0443,0,0:00:36,176,1.7
fl6DAG6DJ_Y,"क्या होता है ""Phantom Pain""? #shorts #indianmuslim","Jan 27, 2025",45,5,67.08,71.43,5,1,3,1,0,1,0,0,0,0,0,0,,0,0,0,10,0.0426,0,0:00:30,130,2.31
3ggFcRL7w54,असली यीशु की ओर वापिस आइए! #shorts,"May 31, 2025",42,4,89.29,66.67,4,1,0,4,4,0,0,0,0,0,0,0,,1,0,0,10,0.0424,0,0:00:37,86,1.16
tHwFHCS-NLI,नमाज़ को नियमित करने में मददगार ऐप! #shorts,"Jul 18, 2025",38,5,74.84,80,5,1,0,5,4,1,0,0,0,0,0,0,,0,0,0,7,0.0399,0,0:00:28,109,0.92
5zFARAufXQU,सुन्नत क्यों पढ़ें? #shorts,"Jul 25, 2025",19,6,119.21,62.5,5,1.2,0,5,3,2,0,0,0,0,-1,0,100,0,0,0,13,0.0392,0,0:00:22,125,3.2
Cr-LA6B0SRE,शादी से पहले का रिश्ता? हराम मोहब्बत। 💔 #shorts,"Sep 11, 2025",45,6,48.33,46.15,5,1.2,0,5,5,0,0,0,0,0,0,0,,0,0,0,13,0.0387,0,0:00:21,147,0
v8QMGL99B_0,जोराम भाई के मुस्लिम बनने पर उनके दादाजी की मज़ेदार प्रतिक्रिया! #shorts,"Jan 13, 2025",68,2,102.35,100,2,1,0,2,1,1,0,0,0,0,2,0,100,0,0,0,4,0.0387,0,0:01:09,52,0
4K2OB2XJzjU,बहादुर सिख महिला की प्रेरणादायक कहानी।  #shorts,"Apr 24, 2025",62,2,111.13,100,2,1,0,2,2,0,0,0,0,0,0,0,,0,0,0,4,0.0383,0,0:01:08,75,1.33
6YbtCGLskS4,आपके शोध की किस चीज़ ने आपको सबसे अधिक हैरान किया? #indian #indianmuslim #shorts,"Jan 25, 2025",63,2,107.05,66.67,2,1,0,2,1,1,0,0,0,0,1,0,100,0,0,0,5,0.038,0,0:01:07,55,1.82
6q38e3x5K8w,पैग़म्बर सल्लल्लाहु अलैहि व सल्लम के बारें में! #shorts,"May 30, 2025",56,3,79.88,75,3,1,0,3,3,0,0,0,0,0,-2,0,100,0,0,0,6,0.0374,0,0:00:44,85,0
1Fp_vjj0DGg,मुसलमान बनने के बाद आपका वो सबसे दिलचस्प अनुभव क्या रहा ? #shorts,"Apr 26, 2025",46,4,72.39,66.67,4,1,0,4,3,1,0,0,0,0,-8,0,100,0,0,0,7,0.0373,0,0:00:33,94,2.13
cf42acy5IzU,#shorts,"Oct 2, 2025",11,8,122.39,32,8,1,0,8,3,5,0,0,0,0,-5,0,100,0,0,0,34,0.0368,0,0:00:13,191,1.57
4P-gVFXfX-o,नूह (अ.स) एक औरत को रोते हुए देखकर पूछते हैं: #shorts,"Jan 1, 2025",48,3,88.7,50,2,1.5,0,2,1,1,0,0,0,0,0,0,,0,0,0,9,0.0367,0,0:00:42,58,0
yu9s5YBbmu8,क्या आपने कभी हलाल डकैती की है?  #shorts,"Jul 17, 2025",21,3,172.19,16.67,3,1,0,3,3,0,0,0,0,0,-6,0,100,0,0,0,23,0.0363,0,0:00:36,148,0.68
XtwqEj_BVt0,चूहे पर किया गया अद्भुत प्रयोग! #shorts,"Feb 7, 2025",58,2,112.09,100,2,1,0,2,1,1,0,0,0,0,1,0,100,0,0,0,4,0.0361,0,0:01:05,53,0
XYc3Za6kX3M,इस्लामी स्विमिंग पूल वाला खेल  #shorts,"Oct 1, 2025",38,6,47.54,28.57,5,1.2,0,5,3,2,0,0,0,0,0,0,,0,0,0,20,0.0358,0,0:00:18,187,0.53
RrGUIfYgUqI,आप अल्लाह से कितना प्यार करते हैं? #shorts,"Jul 3, 2025",41,3,100.33,50,3,1,0,3,3,0,0,0,0,0,-1,0,100,0,1,0,7,0.0356,0,0:00:41,95,1.05
EhmlFCiOCJg,नमाज़ छोड़ने की आदत कैसे छुड़ाएँ? 🚫 तीन आसान स्टेप्स ✅ #shorts,"Mar 26, 2025",58,3,72.53,100,3,1,0,3,3,0,0,0,0,0,2,0,100,0,0,0,3,0.0351,0,0:00:42,71,0
42dsu8N6Jrc,ग़लत भाषा सही शब्द की क़ातिल होती है।  #shorts,"Jul 23, 2025",66,4,43.03,36.36,4,1,0,4,4,0,0,0,0,0,-4,0,100,0,0,0,13,0.0346,0,0:00:28,158,0.63
SPRc3IxGwAc,आपके मरने के बाद! #shorts,"Jul 21, 2025",57,3,67.19,37.5,3,1,0,3,3,0,0,0,0,0,-7,0,100,0,0,0,11,0.0345,0,0:00:38,142,0
wbxKioMVi90,मेराज की रात नबी (स॰) सातवें आसमान पर गए थे! #shorts,"Jul 19, 2025",46,6,41.56,54.55,6,1,2,4,4,0,0,0,0,0,-1,0,100,0,0,0,11,0.0345,0,0:00:19,188,1.6
rskt34VVEXQ,क्या दुआ के बाद इंशा अल्लाह कहना सही है? #shorts,"May 28, 2025",41,4,71.16,50,4,1,1,3,3,0,0,0,0,0,-4,0,100,0,0,0,8,0.0338,0,0:00:29,102,0.98
r3fQG46gS0U,और अधिक रिमाइंडर्स के लिए  @towardseternity को फॉलो करें। #shorts,"Sep 15, 2025",62,6,26.77,35.29,6,1,0,6,5,1,0,0,0,0,1,0,100,0,0,0,16,0.0336,0,0:00:16,183,0
BGcnBAb5-Hs,"यदि आप अपने साथ होने वाली विपत्तियों को देखने का नज़रिया बदलना चाहते हैं, तो यह देखें! #shorts","Feb 4, 2025",48,1,237.1,50,1,1,0,1,0,1,0,0,0,0,1,0,100,0,0,0,3,0.0325,0,0:01:53,53,0
uwutzoHzIfE,अल्लाह का शुक्र है कि हमें नमाज़ पढ़ना नसीब है... #shorts,"Jan 10, 2025",8,13,111.42,83.33,11,1.1818,3,8,6,2,0,0,0,0,0,0,,0,0,0,18,0.0324,0,0:00:08,56,5.36
V4dAfvfVbHI,POV: अचानक बढ़ी दीनी लगन ❤️ #shorts,"Aug 26, 2025",12,10,86.98,62.5,10,1,0,10,8,2,0,0,0,0,-4,0,100,0,0,0,23,0.0324,0,0:00:10,143,1.4
VP2JeKvXIXY,क्या आपने अपनी नमाज़ें पढ़ीं? #shorts,"Jul 27, 2025",16,7,100.36,66.67,7,1,0,6,4,2,0,0,0,0,0,0,,0,0,0,13,0.0322,0,0:00:16,123,0
vogkmX1nCEw,#shorts,"Oct 24, 2025",34,2,131.03,8.7,2,1,0,2,1,1,0,0,0,0,0,0,,0,0,0,22,0.0317,0,0:00:44,219,0
AFToZfSNmTo,अपने मन के संदेह को दूर करें! #shorts,"Dec 17, 2024",41,4,69.57,100,4,1,0,4,2,2,0,0,0,0,0,0,,0,0,0,6,0.0317,0,0:00:28,81,0
Do0joZB5g1k,⏳ क्या आप अपना कीमती समय व्यर्थ कर रहे हैं? #shorts,"Aug 28, 2025",33,7,49.18,87.5,7,1,0,7,5,2,0,0,0,0,-2,0,100,0,0,0,9,0.0316,0,0:00:16,118,0
eKh88E2Z4JU,बहुत ही 'भीगा हुआ' इस्लामी क्विज़! 💦⁉️ #shorts,"Sep 12, 2025",34,5,57.82,29.41,5,1,1,4,2,2,0,0,0,0,0,0,,0,0,0,17,0.0314,0,0:00:19,187,0.53
x2nQnQvPUTo,मुसलमान बनने के बाद आपको सबसे अच्छा क्या लगा? #shorts,"Apr 12, 2025",42,3,84.52,60,3,1,2,1,1,0,0,0,0,0,-2,0,100,0,0,0,6,0.0306,0,0:00:35,89,0
w3nh47SDzFY,नबी स.अ.व. का किरदार! #shorts,"May 8, 2025",49,2,111.84,66.67,2,1,0,2,2,0,0,0,0,0,-2,0,100,0,0,0,4,0.0304,0,0:00:54,76,0
mGhkFE97lXI,इतने लोग ईसाई क्यूँ है जबकि उनका धर्म गलत है? #shorts,"May 26, 2025",59,2,92.37,66.67,2,1,1,1,1,0,0,0,0,0,-3,0,100,0,0,0,4,0.0304,0,0:00:54,77,1.3
IJZYLX6CO34,अभिभावकों के लिए आवश्यक निर्देश! #shorts,"Jul 22, 2025",48,6,37.05,75,3,2,0,3,3,0,0,0,0,0,-4,0,100,0,0,0,8,0.0304,0,0:00:17,123,0.81
qyN0YzgQiZ0,कभी-कभी हालात को समझ पाना मुश्किल होता है #shorts #indian #indianmuslim,"Dec 11, 2024",27,6,57.59,50,6,1,0,6,3,3,0,0,0,0,1,0,100,0,0,0,13,0.0299,0,0:00:15,86,1.16
7JFDdsfpWww,क्या आप उन शब्दों के अर्थ जानते हैं जो हम नमाज़ में पढ़ते हैं? #indian #indianmuslim #shorts,"Feb 3, 2025",26,6,66.96,100,6,1,1,4,2,2,0,0,0,0,0,0,,2,0,0,7,0.029,0,0:00:17,60,1.67
SwJ0Y3kIAxo,नमाज़ में ऐसा बिल्कुल मत करें! #shorts #indianmuslim #indian,"Feb 22, 2025",38,3,90.53,66.67,3,1,0,3,2,1,0,0,0,0,0,0,,0,0,0,4,0.0289,0,0:00:34,54,1.85
B9JqIqnb-UY,कैमरे में क़ैद हुआ आदमी... 📸 #shorts,"Aug 5, 2025",19,6,79.91,46.15,5,1.2,0,5,4,1,0,0,1,0,-3,0,100,0,0,0,17,0.0285,1,0:00:15,130,1.54
2eu4w3UVZkQ,यह कमाल की जानकारी अपने किसी दोस्त को ज़रूर भेजें! #shorts,"Jan 9, 2025",60,2,84.38,100,2,1,0,2,1,1,0,0,0,0,1,0,100,0,0,0,2,0.0281,0,0:00:50,49,0
pE2QO-RwwSk,आप क्या पढ़ते है? #shorts,"Aug 21, 2025",7,8,167.68,53.85,8,1,0,8,5,3,0,0,0,0,0,0,,0,0,0,22,0.0279,0,0:00:11,122,0.82
Bc7pSINeohQ,क्या सवाल मुश्किल हैं? 😅अपने दोस्तों के साथ शेयर करें :) #shorts,"Sep 9, 2025",37,6,39.05,36.36,5,1.2,0,5,4,1,0,0,0,0,0,0,,0,0,0,13,0.0266,0,0:00:14,160,1.25
sBXk6VlAi54,दुआ और मेहनत- दोनों ही हैं प्रार्थना के तरीके! #shorts,"Jul 31, 2025",65,2,68.62,50,2,1,1,1,1,0,0,0,0,0,-9,0,100,0,0,0,4,0.0254,0,0:00:44,127,0.79
k1q_dAmNLXQ,क्या आप जानते हैं अल्लाह ने ज़ेबरा में कौन से रहस्य छुपा रखे हैं? #shorts,"Jan 28, 2025",60,2,75.27,100,2,1,0,2,1,1,0,0,0,0,0,0,,0,0,0,3,0.0251,0,0:00:45,59,0
DbqtPtB5XaM,"जो दूसरों को जज करते हैं, उनसे आप क्या कहेंगे? #shorts","Apr 21, 2025",63,3,47.46,75,3,1,1,2,2,0,0,0,0,0,0,0,,0,0,0,5,0.0251,0,0:00:29,73,2.74
UXELkvSRXOY,ऐसे होती हैं दुआएं क़ुबूल! #shorts,"Jan 29, 2025",55,2,78.58,66.67,2,1,0,2,1,1,0,0,0,0,0,0,,0,0,0,3,0.0245,0,0:00:43,48,2.08
-649bKroTY0,"यदि आप बार-बार तौबा करने के बाद भी वही दोहराते हैं, तो यह वीडियो देखें! #shorts #indianmuslim","Dec 13, 2024",55,2,71.78,40,2,1,0,2,1,1,0,0,0,0,0,0,,0,0,0,6,0.0244,0,0:00:39,83,0
LrEQ-zXNFvo,क्रिसमस मनाने को लेकर एक मुस्लिम का रवैया क्या होना चाहिए? #shorts #indian,"Dec 31, 2024",62,3,43.95,60,3,1,0,3,2,1,0,0,0,0,0,0,,0,0,0,6,0.0242,0,0:00:27,51,0
mhekc5H1st8,क्या आप गुनाहों की मुआफी की ये वजहें जानते थे? #shorts,"Jun 29, 2025",55,2,76.64,50,2,1,0,2,0,2,0,0,0,0,-6,0,100,0,0,0,4,0.0242,0,0:00:42,121,0.83
LBKI1MXhFbE,मधुमक्खियों में भी पाएँ अल्लाह की झलक! #shorts,"Jul 24, 2025",45,2,93.22,50,2,1,0,2,2,0,0,0,0,0,-7,0,100,0,0,0,6,0.0241,0,0:00:41,111,0
pPB_HKhN4Fw,क्या आपके साथ कभी ऐसा हुआ है? #shorts,"Apr 16, 2025",10,7,115.43,66.67,4,1.75,0,4,3,1,0,0,0,0,1,0,100,0,0,0,10,0.0227,0,0:00:11,65,3.08
U3tc99CNFEI,🧐 लोग आखिरत पर विश्वास करने में कठिनाई क्यों महसूस करते हैं? #shorts,"Aug 12, 2025",51,3,47.91,28.57,3,1,0,3,2,1,0,0,0,0,-11,0,100,0,0,0,7,0.0222,0,0:00:24,143,0.7
aX7eFC4eHcQ,हकीम लुक़मान ने अपने बेटे को दी कौन सी सलाह? #shorts #indian #indianmuslim,"Jan 31, 2025",40,2,98.43,100,2,1,0,2,1,1,0,0,0,0,0,0,,0,0,0,3,0.0219,0,0:00:39,54,0
kGTgl8arQ20,4300 धर्मों में से इस्लाम ही क्यों? डेकार्ट की उत्कृष्ट तकनीक #shorts,"Apr 25, 2025",61,3,42.08,75,3,1,1,2,2,0,0,0,0,0,-2,0,100,0,0,0,5,0.0214,0,0:00:25,98,0
1bE9cO7m_eU,क्या आपको एक कटे हुए पैर में दर्द होगा? #shorts #indian,"Dec 26, 2024",45,4,42.29,100,4,1,0,4,2,2,0,0,0,0,0,0,,0,0,0,5,0.0211,0,0:00:19,52,0
BBqgoDJ37r8,आखिर कौन है जो ये सब कर रहा है? #shorts,"May 12, 2025",60,2,63.33,66.67,2,1,0,2,2,0,0,0,0,0,-1,0,100,0,0,0,2,0.0211,0,0:00:38,94,0
orwwug0N06w,सच्ची दुआ असरदार होती है! #shorts,"Apr 9, 2025",12,4,146.87,100,4,1,0,4,4,0,0,0,0,0,1,0,100,0,0,0,9,0.0196,0,0:00:17,59,0
UFsbpLbx3Bs,क्या आप बता सकते हैं? #shorts,"Apr 6, 2025",17,2,203.81,66.67,2,1,0,2,2,0,0,0,0,0,0,0,,0,0,0,6,0.0196,0,0:00:34,56,0
Z3VTewmWgHI,नास्तिकता का कड़वा सच! #shorts #indian #indianmuslim,"Feb 1, 2025",60,2,57.24,100,2,1,0,2,1,1,0,0,0,0,0,0,,0,0,0,2,0.0191,0,0:00:34,52,0
 -Sq93yjaj1U,बुद्धिमान व्यक्ति की अनोखी सीख! #shorts,"Jul 8, 2025",52,2,61.83,50,2,1,0,2,1,1,0,0,0,0,-2,0,100,2,0,0,6,0.0187,0,0:00:32,91,0
t5ut6ghV2fc,सफलता की राह में सबसे बड़ी बाधा! #tiktok,"Jun 6, 2025",43,3,52.02,75,3,1,1,2,2,0,0,0,0,0,-1,0,100,0,0,0,4,0.0186,0,0:00:22,84,0
7fIqDmRW7Q8,क्या हो अगर अचानक नबी ﷺ आपके घर आ जाएँ? #shorts #indian #indianmuslim,"Jan 24, 2025",61,1,98.56,50,1,1,0,1,0,1,0,0,0,0,0,0,,0,0,0,3,0.0177,0,0:01:00,67,0
5z_LgrbrIWQ,एक शिक्षक ने अपने छात्रों को दी एक अच्छी सीख!,"Apr 13, 2025",41,1,151.95,33.33,1,1,0,1,1,0,0,0,0,0,1,0,100,0,0,0,4,0.0176,0,0:01:02,65,1.54
z0tlT1LlCn4,ईसाई धर्म और इस्लाम - ईश्वर एक है या तीन? #shorts #indianmuslim,"Jan 11, 2025",55,2,57.53,100,2,1,0,2,1,1,0,0,0,0,1,0,100,0,0,0,3,0.0176,0,0:00:31,54,0
Mq6KCcrQXVQ,क्या हो अगर हमारे हाथ में Phone की जगह क़ुरआन हो? #shorts #indianmuslim,"Feb 21, 2025",28,3,72.14,75,2,1.5,0,2,2,0,0,0,0,0,-1,0,100,0,0,0,4,0.0171,0,0:00:20,56,3.57
GOHK3dbU9-c,"नकारात्मकता की ओर ध्यान न दें, सकारात्मक बने रहें! ✨😊🌸 #staypositive  #motivation  #behappy","Mar 20, 2025",60,1,99,50,1,1,0,1,0,1,0,0,0,0,-1,0,100,0,0,0,3,0.017,0,0:00:59,50,0
W94ku6XbBjw,आप समझते हैं कि आपके पास अभी वक़्त है।  #shorts,"Jun 5, 2025",12,4,125.21,100,4,1,0,4,4,0,0,0,0,0,-2,0,100,0,0,0,6,0.0167,0,0:00:15,78,2.56
fMaT2WzVQFQ,क्या इस्लाम में विरासत को लेकर असमानता है? 🤔 #shorts #indian,"Feb 6, 2025",61,1,88.03,33.33,1,1,0,1,1,0,0,0,0,0,0,0,,0,0,0,3,0.0167,0,0:00:53,54,0
ck8NxNJNMGA,ज़्यादा सोचना अब खत्म। #shorts,"Aug 9, 2025",42,2,57.5,33.33,2,1,0,2,1,1,0,0,0,0,-1,0,100,0,0,0,7,0.016,0,0:00:24,114,0
ckkBo1aAzrY,नबी (स.अ व.) झूठे नहीं थे! #shorts,"May 14, 2025",59,2,47.12,66.67,2,1,0,2,1,1,0,0,0,0,-2,0,100,0,0,0,3,0.0156,0,0:00:27,73,1.37
jE4SZXUB2ec,ईसाई धर्म और इस्लाम - ईश्वर एक है या तीन? #shorts #indian #indianmuslim,"Jan 8, 2025",55,1,99.24,50,1,1,0,1,0,1,0,0,0,0,0,0,,0,0,0,3,0.0156,0,0:00:54,51,0
qnsq2PwesFU,क्या आप इन सवालों के जवाब जानते है? #shorts,"Apr 3, 2025",48,2,56.52,66.67,2,1,0,2,2,0,0,0,0,0,0,0,,0,0,0,4,0.0153,0,0:00:27,48,0
Z8vPrDG-wPY,नमाज़ को नियमित करने में मददगार ऐप! #shorts,"Jun 23, 2025",38,2,69.87,50,2,1,0,2,1,1,0,0,0,0,1,0,100,0,1,0,3,0.0151,0,0:00:26,86,1.16
H-gijqswW-M,एक ईसाई के तौर पर मैं इस्लामोफोबिक होता जा रहा था।  #shorts,"May 17, 2025",41,1,126.83,33.33,1,1,0,1,1,0,0,0,0,0,0,0,,0,0,0,5,0.0148,0,0:00:52,97,0
evbYOs-7gCA,सबके लिए दुआ मांगने के बाद...! #shorts,"Apr 23, 2025",10,4,128.25,66.67,4,1,0,4,4,0,0,0,0,0,1,0,100,0,0,0,6,0.0145,0,0:00:12,70,2.86
kSDe3mH1z2g,क्या हम अख़िरत की ज़िंदगी के लिए तैयारी करते है? #shorts,"Jun 20, 2025",39,1,125.64,50,1,1,0,1,1,0,0,0,0,0,-3,0,100,0,0,0,4,0.0144,0,0:00:49,80,1.25
5f8nzyHmFhE,ईसाई धर्म की समस्या इस अवधारणा में है।  #shorts,"May 15, 2025",58,1,87.93,50,1,1,0,1,1,0,0,0,0,0,0,0,,0,0,0,2,0.0144,0,0:00:51,65,0
m_5a-0sJG-I,यीशु की मृत्यु- ईश्वर नश्वर हैं या अमर? #shorts #indian #indianmuslim,"Jan 6, 2025",44,1,101.98,33.33,1,1,0,1,0,1,0,0,0,0,0,0,,0,0,0,4,0.0132,0,0:00:44,51,0
zMUYoXF7blw,मुबारक हो! #shorts,"Feb 14, 2025",11,4,102.05,100,3,1.3333,0,3,3,0,0,0,0,0,0,0,,0,0,0,6,0.0125,0,0:00:11,54,3.7
phb-Vw8LbMs,"पल गुज़र जाता है, आप लाख चाहें, वह नहीं ठहरता। #shorts","Apr 2, 2025",16,3,90.42,75,2,1.5,0,2,2,0,0,0,0,0,0,0,,0,0,0,6,0.0124,0,0:00:14,54,3.7
O4tbiTLb6a0,एक दिन... आप इस दुनिया से चले जाएंगे। इस बात का ख्याल रखें कि आपका अमल बाकी रहें। 🌿 #shorts,"Aug 7, 2025",67,1,34.18,4.55,1,1,0,1,1,0,0,0,0,0,-4,0,100,0,0,0,53,0.0122,0,0:00:22,107,0.93
Lisc2cTspCg,क्या ईश्वर ने हमारे पापों के लिए अपनी जान दे दी? #shorts,"May 21, 2025",51,1,76.86,50,1,1,0,1,1,0,0,0,0,0,-1,0,100,0,0,0,3,0.0118,0,0:00:39,76,0
Az2q-UJH5OI,रूमी ने दी अपने बेटे को एक महान सीख! #shorts,"Jan 21, 2025",42,1,95.45,100,1,1,0,1,0,1,0,0,0,0,0,0,,0,0,0,1,0.0111,0,0:00:40,54,0
qn8VCFDsh_w,कला का होना ही कलाकार की निशानी है। #shorts,"Feb 13, 2025",39,1,98.97,100,1,1,0,1,1,0,0,0,0,0,0,0,,0,0,0,2,0.0107,0,0:00:38,61,0
O0X_IMF2628,माथे पर क्या लिखा है? #shorts,"May 11, 2025",25,2,65.8,40,2,1,0,2,1,1,0,0,0,0,-3,0,100,0,0,0,6,0.0106,0,0:00:16,84,0
P9yEu3p0iuM,इफ्तार से ठीक पहले पढ़ी जाने वाली एक खूबसूरत दुआ 🌙✨ #shorts,"Mar 29, 2025",40,2,43.88,66.67,2,1,0,2,2,0,0,0,0,0,1,0,100,0,0,0,3,0.0103,0,0:00:17,68,0
ShnsQeJmsXI,परदे के पीछे से किसका नियंत्रण होता है? #shorts,"May 7, 2025",47,1,73.62,50,1,1,0,1,1,0,0,0,0,0,-1,0,100,0,0,0,2,0.0102,0,0:00:34,70,0
PWSMU1ImqzM,यह जीवन अल्पकालीन है।  #shorts,"May 18, 2025",57,2,29.74,100,2,1,0,2,1,1,0,0,0,0,0,0,,0,0,0,2,0.0094,0,0:00:16,99,0
hCOampO55Qk,जीवन एक सौभाग्य है। #shorts,"Feb 15, 2025",21,3,51.59,100,3,1,0,3,3,0,0,0,0,0,0,0,,0,0,0,3,0.009,0,0:00:10,54,3.7
xh6jHLuJu28,क्या आप मरणोपरांत भी पुण्य कमाना चाहते हैं? #shorts #indianmuslim,"Feb 20, 2025",30,1,103.67,100,1,1,0,1,1,0,0,0,0,0,0,0,,0,0,0,2,0.0086,0,0:00:31,53,0
H96iwXVGvR8,☀️ सूरज ग़ायब हो गया... फिर क्या होगा?   #shorts,"Aug 2, 2025",51,1,50.98,25,1,1,0,1,1,0,0,0,0,0,-8,0,100,0,0,0,4,0.0085,0,0:00:26,112,0
ScTPlHOZEf0,फज्र के वक़्त शैतान #shorts,"Feb 10, 2025",15,3,67.11,100,3,1,0,3,3,0,0,0,0,0,0,0,,0,0,0,3,0.0084,0,0:00:10,57,3.51
Zdg55alz4pw,क्या आपको ये सब याद हैं?  #shorts,"Jul 30, 2025",70,1,34.14,25,1,1,0,1,1,0,0,0,0,0,-1,0,100,0,0,0,4,0.0079,0,0:00:23,101,0
pugCVQlGAaE,इस्लाम की वह कौन सी एक बात थी जिसने आपको प्रभावित और आश्वस्त किया? #shorts,"Apr 14, 2025",39,2,33.21,50,2,1,0,2,2,0,0,0,0,0,0,0,,0,0,0,4,0.0075,0,0:00:12,75,1.33
21WeIyIzVjw,अल्लाह उन्हीं को आज़माता है जिनसे वह प्यार करता है 🕌💖#TrustAllah #IslamicReminders ✨#AllahLovesYou 🕋,"Mar 22, 2025",22,1,123.18,100,1,1,0,1,1,0,0,0,0,0,-1,0,100,0,0,0,3,0.0075,0,0:00:27,64,1.56
5JWY8ooZnfA,शादी करने का सोच रहे है? ये ज़रूर देखिए! #shorts,"Jul 13, 2025",67,2,16.72,50,2,1,0,2,2,0,0,0,0,0,-1,0,100,0,0,0,4,0.0075,0,0:00:11,102,0
b1L5c6--Dds,चारों गॉस्पेल के लेखक कौन है? #shorts,"May 25, 2025",55,1,46.91,50,1,1,0,1,1,0,0,0,0,0,-2,0,100,0,0,0,2,0.0075,0,0:00:25,78,0
gdoz_i7cCyU,इज़राइल को पहचानें! #shorts,"Jul 29, 2025",38,1,45.79,20,1,1,0,1,1,0,0,0,0,0,-9,0,100,0,0,0,6,0.0069,0,0:00:17,168,0
jHwd_GzwpSQ,क्या आप बता सकते है? #shorts,"Apr 27, 2025",23,1,98.7,100,1,1,0,1,1,0,0,0,0,0,-1,0,100,0,0,0,1,0.0063,0,0:00:22,67,0
njJ56UH1Y1M,"हराम, हराम है और हलाल, हलाल है! #shorts","Apr 15, 2025",7,2,145,66.67,2,1,0,2,2,0,0,0,0,0,0,0,,0,0,0,5,0.0059,0,0:00:10,67,2.99
j4-n_Hi8Dpw,अपना समय बर्बाद मत कीजिए। #shorts,"Aug 8, 2025",33,2,25.45,33.33,2,1,0,2,2,0,0,0,0,0,-4,0,100,0,0,0,6,0.0057,0,0:00:08,106,0
uTwbV4fBj6U,दीन को सीखना ज़रूरी है।  #shorts,"May 4, 2025",55,2,17.36,66.67,2,1,0,2,2,0,0,0,0,0,0,0,,0,0,0,3,0.0056,0,0:00:09,66,0
GewrZui-W0w,क्या आपके पास ऐसा दोस्त है? #shorts,"Apr 28, 2025",10,2,94,100,2,1,0,2,2,0,0,0,0,0,-1,0,100,0,0,0,3,0.0052,0,0:00:09,71,1.41
o_267y71aI4,पीठ पीछे बुराई करना बुरी बात है। #shorts,"Jul 16, 2025",41,1,32.44,0,1,1,0,1,1,0,0,0,0,0,-1,0,100,0,0,0,5,0.005,0,0:00:13,94,1.06
eqQnc34Xql0,"हिजाब – मेरी पहचान, मेरी आज़ादी! 🕊️ #shorts","Jul 15, 2025",55,2,10.91,50,2,1,0,2,2,0,0,0,0,0,-1,0,100,0,0,0,4,0.0049,0,0:00:06,92,0
7YBbdV5xfKI,आप परेशान हैं? नमाज़ पढ़िए!  #shorts,"Mar 25, 2025",15,1,111.33,50,1,1,0,1,1,0,0,0,0,0,1,0,100,0,0,0,3,0.0049,0,0:00:16,59,1.69
xCxdIR0xwhw,क्या आपने नमाज़ पढ़ ली? #shorts,"Jun 21, 2025",8,2,100,50,2,1,0,2,2,0,0,0,0,0,1,0,100,0,0,0,4,0.0047,0,0:00:08,84,0
zXIumMzBnfc,"उम्मत के बच्चे, उम्मत की पूंजी! #shorts","Apr 11, 2025",15,1,98.67,50,1,1,0,1,1,0,0,0,0,0,0,0,,0,0,0,2,0.0041,0,0:00:14,60,1.67
EZie7IdYQgE,"दान की अपील, टुवर्ड्स इटर्निटी को दान दीजिए! #shorts","Jul 4, 2025",93,2,5.97,25,2,1,0,2,2,0,0,0,0,0,-5,0,100,0,0,0,6,0.0037,0,0:00:05,126,0.79
MhPfXT5PImk,रमज़ान : गुनाहों की मुआफ़ी का एक सुनहरा अवसर #shorts,"Mar 24, 2025",65,1,19.49,100,1,1,0,1,1,0,0,0,0,0,0,0,,0,0,0,2,0.0035,0,0:00:12,55,1.82
OHu1Criad4Q,हर चीज़ में मिलती है अल्लाह की रहमतें! #shorts,"Feb 8, 2025",60,1,14.83,50,1,1,0,1,1,0,0,0,0,0,0,0,,0,0,0,2,0.0034,0,0:00:08,52,1.92
AN4dTfke06M,ईश्वर एक है या तीन? #reels,"May 24, 2025",57,1,15.26,50,1,1,0,1,1,0,0,0,0,0,0,0,,0,0,0,2,0.0032,0,0:00:08,69,0
r-d7iDg_gG4,क्या यीशु ईसाई धर्म लेकर आए थे? #shorts,"May 19, 2025",59,1,19.15,100,1,1,0,1,1,0,0,0,0,0,0,0,,0,0,0,1,0.0031,0,0:00:11,67,0
j2tdevvh46Y,ज़िन्दगी के दो रास्ते! #shorts,"Feb 24, 2025",48,1,20.63,100,1,1,0,1,0,1,0,0,0,0,0,0,,0,0,0,1,0.0027,0,0:00:09,53,0
8ILsxgF7Y_o,ईद-उल-अज़हा ज्ञान प्रतियोगिता! #shorts,"Jun 1, 2025",52,1,7.69,25,1,1,0,1,0,1,0,0,0,0,-1,0,100,0,0,0,3,0.0015,0,0:00:04,76,0
esmlYz-B1O0,क्या अब अज़ान भी आपके अंदर कोई एहसास नहीं जगाती? #shorts,"Mar 1, 2025",49,0,,0,0,,,,,,0,0,0,0,0,0,,0,0,0,2,0.0014,0,,54,0
8y5cVvaMUPo,कठिनाइयाँ अस्थायी होती है! #shorts,"Apr 19, 2025",46,0,,0,0,,,,,,0,0,0,0,0,0,,0,0,0,2,0.0009,0,,64,0
5hvtUF5UaOY,जाग जाइए इससे पहले कि बहुत देर हो जाए! #shorts,"Feb 28, 2025",47,0,,0,0,,,,,,0,0,0,0,0,0,,0,0,0,1,0.0008,0,,55,0
kviZjls3tIg,नारियल का अद्भुत चमत्कार! #shorts,"Jul 1, 2025",69,0,,0,0,,,,,,0,0,0,0,0,0,,0,0,0,1,0.0006,0,,85,0
DIDS5fjiiEE,क्या आप एक तनावपूर्ण जीवन से मुक्ति नहीं चाहते? #shorts #indian #indianmuslim,"Feb 19, 2025",30,0,,0,0,,,,,,0,0,0,0,0,0,,0,0,0,1,0.0005,0,,53,0
BWFtxN1MdzI,क्या आपने कभी सोचा है कि कुछ जोड़े हर मुश्किल के बावजूद शांत और मोहब्बत भरे कैसे रहते हैं?  #shorts,"Sep 16, 2025",33,0,,0,0,,,,,,0,0,0,0,-2,0,100,0,0,0,1,0.0004,0,,9,0
1-jiKYZlh3g,क्या आपने कभी ऐसा किया है? #shorts,"Apr 22, 2025",14,0,,0,0,,,,,,0,0,0,0,-1,0,100,0,0,0,2,0.0003,0,,69,0
V-BPrqpX1i0,हमारे पैगंबर (स.अ.व.) के बारे में प्रसिद्ध विचारकों की बातें #shorts,"Jun 30, 2025",47,0,,0,0,,,,,,0,0,0,0,-1,0,100,0,0,0,1,0.0003,0,,94,0
867OTW3lAqU,कुछ आँसू अनमोल होते है।  #shorts,"Jun 17, 2025",17,0,,0,0,,,,,,0,0,0,0,-1,0,100,0,0,0,2,0.0003,0,,79,0
 -SOOlz4-A4s,रमज़ान में किसी को जज मत कीजिए! 🌙✨ #shorts,"Mar 28, 2025",58,0,,0,0,,,,,,0,0,0,0,0,0,,0,0,0,1,0.0002,0,,54,0
zXlNFvblhNo,रोज़े की छः अहम सुन्नतें! #shorts,"Mar 13, 2025",35,0,,,0,,,,,,0,0,0,0,-1,0,100,0,0,0,0,0,0,,54,0
SQv6ec-s5Ng,"FBI Career से लेकर मुस्लिम इमाम बनने तक की कहानी! - ""मैंने इस्लाम के लिए FBI छोड़ दिया''","Dec 29, 2024",1391,0,,,0,,,,,,0,0,0,0,-1,0,100,0,0,0,0,0,0,,0,
LepDMkNpN-I,क्या आप भी अपने दोस्तों के आसपास छींकते है? 😂 #shorts,"Dec 22, 2025",14,0,,,0,,,,,,0,0,0,0,-13,0,100,0,0,0,0,0,0,,0,
MxsJI_iK9l0,"""यीशु क्रिश्चियनिटी नहीं बल्कि इस्लाम लेकर आए थे"" - पूर्व ब्रिटिश ईसाई के धर्मान्तरण की कहानी!","Dec 6, 2024",1583,0,,,0,,,,,,0,0,0,0,0,0,,0,0,0,0,0,0,,0,
yc2ZN1s5QpU,सभी गमों को दूर करने का फार्मूला! #shorts,"May 16, 2025",58,0,,,0,,,,,,0,0,0,0,-1,0,100,0,0,0,0,0,0,,0,
FU8X6Hq-xN8,आपके मरने के बाद! #shorts,"Mar 19, 2025",57,0,,,0,,,,,,0,0,0,0,-1,0,100,0,0,0,0,0,0,,0,
4IKi-QnAcwc,हर कठिनाई के बाद आसानी है! #shorts,"Mar 18, 2025",44,0,,,0,,,,,,0,0,0,0,-1,0,100,0,0,0,0,0,0,,51,0
45kNHU0xawE,जबतक मैंने अल्लाह को नहीं जाना - मैं ख़ुद को नहीं जानता था #shorts,"Dec 9, 2025",66,0,,,0,,,,,,0,0,0,0,-4,0,100,0,0,0,0,0,0,,0,
60hGB6ctDC4,"हिजाब – मेरी पहचान, मेरी आज़ादी! 🕊️ #shorts","Mar 16, 2025",55,,,,0,,,,,,,,,,,,,,,0,,,,,52,0
mD2yxoyY2fk,"अगर आप सही जवाब जानते हैं, तो कमेंट में बताइए! #shorts","Mar 6, 2025",58,,,,0,,,,,,,,,,,,,,,0,,,,,51,0
od-MC-e1TAA,📜 क़ुरआन के कुछ रोचक तथ्य – क्या आप जानते हैं? 🤔🔥 #DidYouKnow  #IslamicQuiz 🎤 #LearnIslam 📖,"Mar 14, 2025",51,,,,0,,,,,,,,,,,,,,,0,,,,,48,0
ZNWjjuIy54M,रमज़ान की पहचान एक मज़ेदार अंदाज़ में! #shorts,"Mar 15, 2025",28,,,,0,,,,,,,,,,,,,,,0,,,,,50,0
